Time_sec;Vision_X_mm;Vision_Y_mm;Voltage_V;Current_mA
1,201;NaN;NaN;0,01;0,0
1,487;NaN;NaN;0,01;0,0
1,571;NaN;NaN;0,01;0,0
1,626;NaN;NaN;0,01;0,0
1,673;NaN;NaN;0,01;0,0
1,728;NaN;NaN;0,01;0,0
1,795;NaN;NaN;0,01;0,0
1,827;NaN;NaN;0,01;0,0
1,881;NaN;NaN;0,01;0,0
1,928;NaN;NaN;0,01;0,0
1,980;NaN;NaN;0,01;0,0
2,027;NaN;NaN;0,01;0,0
2,067;NaN;NaN;0,01;0,0
2,116;NaN;NaN;0,01;0,0
2,164;NaN;NaN;0,01;0,0
2,203;NaN;NaN;0,01;0,0
2,228;NaN;NaN;0,01;0,0
2,276;NaN;NaN;0,01;0,0
2,309;NaN;NaN;0,01;0,0
2,345;NaN;NaN;0,01;0,0
2,388;NaN;NaN;0,02;0,0
2,445;NaN;NaN;0,01;0,0
2,497;NaN;NaN;0,01;0,0
2,546;NaN;NaN;0,01;0,0
2,583;NaN;NaN;0,01;0,0
2,632;NaN;NaN;0,01;0,0
2,666;NaN;NaN;0,01;0,0
2,714;NaN;NaN;0,01;0,0
2,750;NaN;NaN;0,01;0,0
2,782;NaN;NaN;0,01;0,0
2,824;NaN;NaN;0,01;0,0
2,871;NaN;NaN;0,01;0,0
2,919;NaN;NaN;0,01;0,0
2,976;NaN;NaN;0,01;0,0
3,010;NaN;NaN;0,01;0,0
3,047;NaN;NaN;0,06;39,9
3,080;NaN;NaN;0,06;39,9
3,113;NaN;NaN;0,06;39,9
3,155;NaN;NaN;0,02;0,0
3,186;NaN;NaN;0,01;0,0
3,234;NaN;NaN;0,02;0,1
3,282;NaN;NaN;0,01;0,0
3,314;NaN;NaN;0,01;0,0
3,346;NaN;NaN;0,01;0,1
3,377;NaN;NaN;0,01;0,0
3,409;NaN;NaN;0,01;0,0
3,441;NaN;NaN;0,01;0,0
3,480;NaN;NaN;0,01;0,0
3,525;NaN;NaN;0,01;0,0
3,563;NaN;NaN;0,01;0,0
3,609;NaN;NaN;0,01;0,0
3,642;NaN;NaN;0,01;0,0
3,720;NaN;NaN;0,01;0,0
3,771;NaN;NaN;0,01;0,0
3,806;NaN;NaN;0,01;0,0
3,851;NaN;NaN;0,01;0,0
3,911;NaN;NaN;0,01;0,0
3,951;NaN;NaN;0,01;0,0
3,993;NaN;NaN;0,01;0,0
4,052;NaN;NaN;0,01;0,0
4,084;NaN;NaN;0,01;0,0
4,133;NaN;NaN;0,01;0,0
4,182;NaN;NaN;0,01;0,0
4,233;NaN;NaN;0,01;0,0
4,275;NaN;NaN;0,02;0,0
4,300;NaN;NaN;0,01;0,0
4,362;NaN;NaN;0,01;0,0
4,388;NaN;NaN;0,02;1,9
4,428;NaN;NaN;0,02;1,9
4,459;NaN;NaN;0,02;1,9
4,491;NaN;NaN;0,01;0,0
4,546;NaN;NaN;0,01;0,0
4,582;NaN;NaN;0,14;40,7
4,625;NaN;NaN;0,14;40,7
4,661;NaN;NaN;0,14;40,7
4,697;NaN;NaN;0,01;0,0
4,729;NaN;NaN;0,01;0,0
4,761;NaN;NaN;0,01;0,0
4,792;NaN;NaN;0,01;0,0
4,824;NaN;NaN;0,01;0,0
4,856;NaN;NaN;0,01;0,0
4,888;NaN;NaN;0,01;0,0
4,920;NaN;NaN;0,01;0,0
4,969;NaN;NaN;0,01;0,0
5,000;NaN;NaN;0,01;0,0
5,032;NaN;NaN;0,01;0,0
5,066;NaN;NaN;0,01;0,0
5,093;NaN;NaN;0,01;0,0
5,127;NaN;NaN;0,01;0,0
5,158;NaN;NaN;0,01;0,0
5,190;NaN;NaN;0,01;0,0
5,221;NaN;NaN;0,01;0,0
5,256;NaN;NaN;0,01;0,0
5,286;NaN;NaN;0,01;0,0
5,333;NaN;NaN;0,01;0,0
5,365;NaN;NaN;0,01;0,0
5,381;NaN;NaN;0,01;0,0
5,430;NaN;NaN;0,02;3,6
5,462;NaN;NaN;0,02;3,6
5,493;NaN;NaN;0,02;3,6
5,525;NaN;NaN;0,01;0,0
5,558;NaN;NaN;0,01;0,0
5,590;NaN;NaN;0,01;0,0
5,623;NaN;NaN;0,01;0,1
5,658;NaN;NaN;0,01;0,1
5,697;NaN;NaN;0,01;0,1
5,731;NaN;NaN;0,01;0,0
5,760;NaN;NaN;0,01;0,0
5,794;NaN;NaN;0,01;0,0
5,824;NaN;NaN;0,01;0,0
5,858;NaN;NaN;0,01;0,0
5,906;NaN;NaN;0,01;0,0
5,936;NaN;NaN;0,01;0,0
5,984;NaN;NaN;0,01;0,0
6,034;NaN;NaN;0,01;0,0
6,067;NaN;NaN;0,01;0,0
6,103;NaN;NaN;0,01;0,0
6,162;NaN;NaN;0,01;0,0
6,194;NaN;NaN;0,01;0,0
6,226;NaN;NaN;0,01;0,0
6,274;NaN;NaN;0,01;0,0
6,306;NaN;NaN;0,01;0,0
6,370;NaN;NaN;0,01;0,0
6,418;NaN;NaN;0,01;0,0
6,450;NaN;NaN;0,01;0,0
6,482;NaN;NaN;0,01;0,0
6,514;NaN;NaN;0,01;0,0
6,546;NaN;NaN;0,01;0,0
6,583;NaN;NaN;0,01;0,0
6,617;NaN;NaN;0,01;0,0
6,649;NaN;NaN;0,01;0,0
6,683;NaN;NaN;0,01;0,0
6,719;NaN;NaN;0,01;0,0
6,759;NaN;NaN;0,01;0,0
6,787;NaN;NaN;0,01;0,0
6,835;NaN;NaN;0,01;0,0
6,867;NaN;NaN;0,01;0,0
6,899;NaN;NaN;0,01;0,0
6,969;NaN;NaN;0,01;0,0
7,011;NaN;NaN;0,01;0,0
7,043;NaN;NaN;0,01;0,0
7,079;NaN;NaN;0,01;0,0
7,112;NaN;NaN;0,01;0,0
7,161;NaN;NaN;0,01;0,0
7,201;NaN;NaN;0,01;0,0
7,250;NaN;NaN;0,01;0,0
7,298;NaN;NaN;0,01;0,0
7,345;NaN;NaN;0,01;0,0
7,361;NaN;NaN;0,01;0,0
7,409;NaN;NaN;0,01;0,0
7,441;NaN;NaN;0,01;0,0
7,474;NaN;NaN;0,01;0,0
7,553;NaN;NaN;0,01;0,0
7,583;NaN;NaN;0,01;0,0
7,610;NaN;NaN;0,01;0,0
7,640;NaN;NaN;0,01;0,0
7,704;NaN;NaN;0,01;0,0
7,737;NaN;NaN;0,01;0,0
7,769;NaN;NaN;0,01;0,0
7,784;NaN;NaN;0,01;0,0
7,816;NaN;NaN;0,01;0,0
7,861;NaN;NaN;0,01;0,0
7,880;NaN;NaN;0,01;0,0
7,912;NaN;NaN;0,01;0,0
7,945;NaN;NaN;0,01;0,0
7,993;NaN;NaN;0,01;0,0
8,024;NaN;NaN;0,01;0,0
8,041;NaN;NaN;0,01;0,0
8,091;NaN;NaN;0,01;0,0
8,147;NaN;NaN;0,01;0,0
8,193;NaN;NaN;0,01;0,0
8,240;NaN;NaN;0,01;0,0
8,294;NaN;NaN;0,01;0,0
8,362;NaN;NaN;0,01;0,0
8,405;NaN;NaN;0,01;0,0
8,421;NaN;NaN;0,01;0,0
8,462;NaN;NaN;0,01;0,0
8,501;NaN;NaN;0,01;0,0
8,533;NaN;NaN;0,01;0,0
8,566;NaN;NaN;0,01;0,0
8,607;NaN;NaN;0,01;0,0
8,648;NaN;NaN;0,01;0,0
8,680;NaN;NaN;0,01;0,0
8,713;NaN;NaN;0,01;0,0
8,729;NaN;NaN;0,01;0,0
8,763;NaN;NaN;0,01;0,0
8,809;NaN;NaN;0,01;0,0
8,833;NaN;NaN;0,01;0,0
8,865;NaN;NaN;0,01;0,0
8,905;NaN;NaN;0,01;0,0
8,929;NaN;NaN;0,01;0,0
8,977;NaN;NaN;0,01;0,0
8,993;NaN;NaN;0,01;0,0
9,024;NaN;NaN;0,01;0,0
9,063;NaN;NaN;0,01;0,0
9,097;NaN;NaN;0,01;0,2
9,130;NaN;NaN;0,01;0,2
9,163;NaN;NaN;0,01;0,2
9,203;NaN;NaN;0,01;0,0
9,222;NaN;NaN;0,01;0,0
9,267;NaN;NaN;0,01;0,0
9,299;NaN;NaN;0,01;0,0
9,325;NaN;NaN;0,01;0,0
9,350;NaN;NaN;0,01;0,0
9,374;NaN;NaN;0,01;0,0
9,421;NaN;NaN;0,01;0,0
9,438;NaN;NaN;0,01;0,0
9,486;NaN;NaN;0,01;0,0
9,518;NaN;NaN;0,01;0,0
9,549;NaN;NaN;0,01;0,0
9,592;NaN;NaN;0,01;0,0
9,634;NaN;NaN;0,01;0,0
9,680;NaN;NaN;0,01;0,0
9,730;NaN;NaN;0,01;0,0
9,776;NaN;NaN;0,01;0,0
9,808;NaN;NaN;0,01;0,0
9,856;NaN;NaN;0,01;0,0
9,892;NaN;NaN;0,01;0,0
9,930;NaN;NaN;0,01;0,0
9,972;NaN;NaN;0,01;0,0
10,006;NaN;NaN;0,01;0,1
10,059;NaN;NaN;0,01;0,1
10,092;NaN;NaN;0,01;0,1
10,141;NaN;NaN;0,01;0,0
10,198;NaN;NaN;0,01;0,0
10,239;NaN;NaN;0,01;0,0
10,271;NaN;NaN;0,01;0,0
10,319;NaN;NaN;0,01;0,0
10,369;NaN;NaN;0,01;0,0
10,408;NaN;NaN;0,01;0,0
10,448;NaN;NaN;0,01;0,0
10,467;NaN;NaN;0,01;0,0
10,498;NaN;NaN;0,01;0,0
10,528;NaN;NaN;0,01;0,0
10,568;NaN;NaN;0,01;0,0
10,592;NaN;NaN;0,01;0,0
10,617;NaN;NaN;0,01;0,0
10,658;NaN;NaN;0,01;0,0
10,696;NaN;NaN;0,01;0,0
10,728;NaN;NaN;0,01;0,0
10,760;NaN;NaN;0,01;0,0
10,786;NaN;NaN;0,01;0,0
10,808;NaN;NaN;0,01;0,0
10,840;NaN;NaN;0,01;0,0
10,888;NaN;NaN;0,01;0,0
10,912;NaN;NaN;0,01;0,0
10,941;NaN;NaN;0,01;0,0
10,985;NaN;NaN;0,01;0,0
11,018;NaN;NaN;0,01;0,0
11,050;NaN;NaN;0,01;0,0
11,100;NaN;NaN;0,01;0,0
11,133;NaN;NaN;0,01;0,0
11,181;NaN;NaN;0,01;0,0
11,222;NaN;NaN;0,01;0,0
11,273;NaN;NaN;0,01;0,0
11,317;NaN;NaN;0,01;0,0
11,365;NaN;NaN;0,01;0,0
11,397;NaN;NaN;0,01;0,0
11,431;NaN;NaN;0,01;0,0
11,474;NaN;NaN;0,01;0,0
11,514;NaN;NaN;0,01;0,0
11,546;NaN;NaN;0,01;0,0
11,574;NaN;NaN;0,01;0,0
11,604;NaN;NaN;0,01;0,0
11,630;NaN;NaN;0,01;0,0
11,676;NaN;NaN;0,02;0,0
11,698;NaN;NaN;0,01;0,0
11,724;NaN;NaN;0,01;0,0
11,771;NaN;NaN;0,01;0,0
11,787;NaN;NaN;0,01;0,0
11,819;NaN;NaN;0,01;0,0
11,851;NaN;NaN;0,01;0,0
11,899;NaN;NaN;0,01;0,0
11,915;NaN;NaN;0,01;0,0
11,964;NaN;NaN;0,01;0,0
11,983;NaN;NaN;0,01;0,0
12,018;NaN;NaN;0,01;0,0
12,048;NaN;NaN;0,01;0,0
12,092;NaN;NaN;0,01;0,0
12,113;NaN;NaN;0,01;0,0
12,145;NaN;NaN;0,01;0,0
12,186;NaN;NaN;0,01;0,0
12,235;NaN;NaN;0,01;0,0
12,250;NaN;NaN;0,01;0,0
12,287;NaN;NaN;0,01;0,0
12,314;NaN;NaN;0,01;0,0
12,345;NaN;NaN;0,01;0,1
12,409;NaN;NaN;0,01;0,0
12,441;NaN;NaN;0,01;0,0
12,472;NaN;NaN;0,01;0,0
12,513;NaN;NaN;0,01;0,0
12,549;NaN;NaN;0,01;0,0
12,592;NaN;NaN;0,01;0,0
12,609;NaN;NaN;0,01;0,0
12,641;NaN;NaN;0,01;0,0
12,673;NaN;NaN;0,01;0,0
12,705;NaN;NaN;0,01;0,0
12,753;NaN;NaN;0,01;0,0
12,773;NaN;NaN;0,01;0,0
12,807;NaN;NaN;0,01;0,0
12,832;NaN;NaN;0,01;0,0
12,881;NaN;NaN;0,01;0,0
12,912;NaN;NaN;0,01;0,0
12,928;NaN;NaN;0,01;0,0
12,976;NaN;NaN;0,01;0,0
13,008;NaN;NaN;0,01;0,0
13,026;NaN;NaN;0,01;0,0
13,081;NaN;NaN;0,01;0,0
13,114;NaN;NaN;0,01;0,0
13,146;NaN;NaN;0,01;0,0
13,194;NaN;NaN;0,01;0,0
13,225;NaN;NaN;0,01;0,0
13,266;NaN;NaN;0,01;0,0
13,282;NaN;NaN;0,01;0,0
13,333;NaN;NaN;0,01;0,0
13,361;NaN;NaN;0,01;0,0
13,377;NaN;NaN;0,01;0,0
13,409;NaN;NaN;0,01;0,0
13,441;NaN;NaN;0,01;0,0
13,488;NaN;NaN;0,01;0,0
13,504;NaN;NaN;0,01;0,0
13,536;NaN;NaN;0,01;0,0
13,576;NaN;NaN;0,01;0,0
13,601;NaN;NaN;0,01;0,0
13,625;NaN;NaN;0,01;0,0
13,657;NaN;NaN;0,01;0,0
13,698;NaN;NaN;0,01;0,0
13,721;NaN;NaN;0,01;0,0
13,752;NaN;NaN;0,01;0,0
13,787;NaN;NaN;0,01;0,0
13,824;NaN;NaN;0,01;0,0
13,848;NaN;NaN;0,01;0,0
13,896;NaN;NaN;0,01;0,0
13,944;NaN;NaN;0,01;0,0
13,976;NaN;NaN;0,01;0,0
14,008;NaN;NaN;0,01;0,0
14,039;NaN;NaN;0,01;0,0
14,075;NaN;NaN;0,01;0,0
14,108;NaN;NaN;0,01;0,0
14,165;NaN;NaN;0,01;0,0
14,198;NaN;NaN;0,01;0,0
14,245;NaN;NaN;0,01;0,0
14,283;NaN;NaN;0,01;0,0
14,326;NaN;NaN;0,01;0,0
14,377;NaN;NaN;0,01;0,0
14,425;NaN;NaN;0,01;0,0
14,460;NaN;NaN;0,01;0,0
14,493;NaN;NaN;0,01;0,0
14,541;NaN;NaN;0,01;0,0
14,598;NaN;NaN;0,01;0,0
14,644;NaN;NaN;0,01;0,0
14,678;NaN;NaN;0,01;0,0
14,716;NaN;NaN;0,01;0,0
14,760;NaN;NaN;0,01;0,0
14,804;NaN;NaN;0,01;0,0
14,843;NaN;NaN;0,01;0,0
14,891;NaN;NaN;0,01;0,0
14,937;NaN;NaN;0,01;0,0
14,982;NaN;NaN;0,01;0,0
15,025;NaN;NaN;0,01;0,0
15,066;NaN;NaN;0,01;0,0
15,109;NaN;NaN;0,01;0,0
15,158;NaN;NaN;0,01;0,0
15,210;NaN;NaN;0,01;0,0
15,259;NaN;NaN;0,01;0,0
15,308;NaN;NaN;0,01;0,0
15,359;NaN;NaN;0,01;0,0
15,401;NaN;NaN;0,01;0,0
15,448;NaN;NaN;0,01;0,0
15,494;NaN;NaN;0,01;0,0
15,543;NaN;NaN;0,01;0,0
15,577;NaN;NaN;0,01;0,0
15,625;NaN;NaN;0,01;0,0
15,677;NaN;NaN;0,01;0,0
15,728;NaN;NaN;0,01;0,0
15,765;NaN;NaN;0,01;0,0
15,810;NaN;NaN;0,01;0,0
15,861;NaN;NaN;0,01;0,1
15,906;NaN;NaN;0,01;0,1
16,013;NaN;NaN;0,01;0,0
16,053;NaN;NaN;0,01;0,0
16,089;NaN;NaN;0,01;0,0
16,118;NaN;NaN;0,01;0,0
16,146;NaN;NaN;0,01;0,0
16,171;NaN;NaN;0,01;0,0
16,199;NaN;NaN;0,01;0,0
16,227;NaN;NaN;0,01;0,0
16,262;NaN;NaN;0,01;0,0
16,296;NaN;NaN;0,01;0,1
16,306;NaN;NaN;0,01;0,0
16,346;NaN;NaN;0,01;0,0
16,373;NaN;NaN;0,01;0,0
16,391;NaN;NaN;0,01;0,0
16,421;NaN;NaN;0,01;0,0
16,462;NaN;NaN;0,01;0,0
16,492;NaN;NaN;0,01;0,0
16,520;NaN;NaN;0,01;0,0
16,552;NaN;NaN;0,01;0,0
16,578;NaN;NaN;0,01;0,0
16,592;NaN;NaN;0,01;0,0
16,686;NaN;NaN;0,01;0,0
16,707;NaN;NaN;0,01;0,0
16,740;NaN;NaN;0,01;0,0
16,764;NaN;NaN;0,01;0,0
16,790;NaN;NaN;0,01;0,0
16,815;NaN;NaN;0,01;0,0
16,829;NaN;NaN;0,01;0,0
16,881;NaN;NaN;0,01;0,0
16,916;NaN;NaN;0,01;0,0
16,926;NaN;NaN;0,01;0,0
16,967;NaN;NaN;0,01;0,0
16,995;NaN;NaN;0,01;0,0
17,049;NaN;NaN;0,01;0,0
17,094;NaN;NaN;0,01;0,0
17,128;NaN;NaN;0,01;0,0
17,162;NaN;NaN;0,01;0,0
17,186;NaN;NaN;0,01;0,0
17,206;NaN;NaN;0,01;0,0
17,249;NaN;NaN;0,01;0,0
17,294;NaN;NaN;0,01;0,0
17,317;NaN;NaN;0,01;0,0
17,343;NaN;NaN;0,01;0,0
17,381;NaN;NaN;0,01;0,0
17,411;NaN;NaN;0,01;0,0
17,461;NaN;NaN;0,01;0,0
17,508;NaN;NaN;0,01;0,0
17,534;NaN;NaN;0,01;0,0
17,554;NaN;NaN;0,01;0,0
17,589;NaN;NaN;0,01;0,0
17,622;NaN;NaN;0,01;0,0
17,645;NaN;NaN;0,01;0,0
17,674;NaN;NaN;0,01;0,0
17,723;NaN;NaN;0,01;0,0
17,746;NaN;NaN;0,01;0,0
17,775;NaN;NaN;0,01;0,0
17,800;NaN;NaN;0,01;0,0
17,853;NaN;NaN;0,01;0,0
17,874;NaN;NaN;0,01;0,0
17,927;NaN;NaN;0,01;0,0
17,968;NaN;NaN;0,01;0,0
17,995;NaN;NaN;0,02;0,0
18,028;NaN;NaN;0,02;0,0
18,060;NaN;NaN;0,02;0,0
18,091;NaN;NaN;0,02;0,0
18,119;NaN;NaN;0,01;0,0
18,148;NaN;NaN;0,01;0,0
18,168;NaN;NaN;0,01;0,0
18,218;NaN;NaN;0,01;0,0
18,282;NaN;NaN;0,01;0,3
18,332;NaN;NaN;0,01;0,0
18,365;NaN;NaN;0,01;0,0
18,393;NaN;NaN;0,01;0,0
18,427;NaN;NaN;0,01;0,0
18,439;NaN;NaN;0,01;0,0
18,502;NaN;NaN;0,01;0,0
18,529;NaN;NaN;0,01;0,0
18,578;NaN;NaN;0,01;0,0
18,609;NaN;NaN;0,01;0,0
18,640;NaN;NaN;0,01;0,0
18,671;NaN;NaN;0,01;0,0
18,710;NaN;NaN;0,01;0,0
18,732;NaN;NaN;0,01;0,0
18,779;NaN;NaN;0,01;0,0
18,794;NaN;NaN;0,01;0,0
18,842;NaN;NaN;0,01;0,0
18,867;NaN;NaN;0,01;0,0
18,900;NaN;NaN;0,01;0,0
18,916;NaN;NaN;0,01;0,0
18,968;NaN;NaN;0,01;0,0
18,996;NaN;NaN;0,01;0,0
19,032;NaN;NaN;0,01;0,0
19,040;NaN;NaN;0,01;0,0
19,106;NaN;NaN;0,01;0,0
19,115;NaN;NaN;0,01;0,0
19,179;NaN;NaN;0,01;0,0
19,203;NaN;NaN;0,01;0,0
19,246;NaN;NaN;0,01;0,0
19,277;NaN;NaN;0,01;0,0
19,303;NaN;NaN;0,01;0,0
19,332;NaN;NaN;0,01;0,0
19,372;NaN;NaN;0,01;0,0
19,406;NaN;NaN;0,01;0,0
19,446;NaN;NaN;0,01;0,0
19,466;NaN;NaN;0,01;0,0
19,491;NaN;NaN;0,01;0,0
19,511;NaN;NaN;0,01;0,0
19,583;NaN;NaN;0,01;0,0
19,612;NaN;NaN;0,01;0,0
19,643;NaN;NaN;0,01;0,0
19,671;NaN;NaN;0,01;0,0
19,714;NaN;NaN;0,01;0,0
19,744;NaN;NaN;0,01;0,0
19,768;NaN;NaN;0,01;0,0
19,796;NaN;NaN;0,01;0,0
19,838;NaN;NaN;0,01;0,0
19,866;NaN;NaN;0,01;0,0
19,902;NaN;NaN;0,01;0,0
19,929;NaN;NaN;0,01;0,0
19,963;NaN;NaN;0,01;0,0
19,990;NaN;NaN;0,01;0,0
20,049;NaN;NaN;0,01;0,0
20,079;NaN;NaN;0,01;0,0
20,113;NaN;NaN;0,01;0,0
20,151;NaN;NaN;0,01;0,0
20,187;NaN;NaN;0,01;0,0
20,218;NaN;NaN;0,01;0,0
20,246;NaN;NaN;0,01;0,0
20,283;NaN;NaN;0,01;0,0
20,315;NaN;NaN;0,01;0,0
20,347;NaN;NaN;0,01;0,0
20,377;NaN;NaN;0,01;0,0
20,411;NaN;NaN;0,01;0,0
20,445;NaN;NaN;0,01;0,0
20,478;NaN;NaN;0,01;0,1
20,513;NaN;NaN;0,01;0,1
20,537;NaN;NaN;0,01;0,1
20,559;NaN;NaN;0,01;0,0
20,587;NaN;NaN;0,01;0,0
20,639;NaN;NaN;0,01;0,0
20,668;NaN;NaN;0,01;0,0
20,705;NaN;NaN;0,01;0,0
20,731;NaN;NaN;0,01;0,0
20,761;NaN;NaN;0,01;0,0
20,787;NaN;NaN;0,01;0,0
20,832;NaN;NaN;0,01;0,0
20,852;NaN;NaN;0,01;0,0
20,905;NaN;NaN;0,01;0,0
20,928;NaN;NaN;0,01;0,0
20,965;NaN;NaN;0,01;0,0
20,987;NaN;NaN;0,01;0,0
21,023;NaN;NaN;0,01;0,0
21,043;NaN;NaN;0,01;0,0
21,088;NaN;NaN;0,01;0,0
21,105;NaN;NaN;0,01;0,0
21,143;NaN;NaN;0,01;0,0
21,159;NaN;NaN;0,01;0,0
21,191;NaN;NaN;0,01;0,0
21,223;NaN;NaN;0,01;0,0
21,256;NaN;NaN;0,01;0,0
21,288;NaN;NaN;0,01;0,0
21,308;NaN;NaN;0,01;0,0
21,350;NaN;NaN;0,01;0,0
21,380;NaN;NaN;0,01;0,0
21,401;NaN;NaN;0,01;0,0
21,458;NaN;NaN;0,02;0,0
21,476;NaN;NaN;0,01;0,0
21,510;NaN;NaN;0,01;0,0
21,557;NaN;NaN;0,01;0,0
21,587;NaN;NaN;0,01;0,0
21,610;NaN;NaN;0,01;0,0
21,636;NaN;NaN;0,01;0,0
21,667;NaN;NaN;0,01;0,0
21,717;NaN;NaN;0,01;0,0
21,763;NaN;NaN;0,01;0,0
21,782;NaN;NaN;0,01;0,0
21,810;NaN;NaN;0,01;0,0
21,842;NaN;NaN;0,01;0,0
21,876;NaN;NaN;0,01;0,0
21,923;NaN;NaN;0,01;0,2
21,970;NaN;NaN;0,01;0,1
21,985;NaN;NaN;0,01;0,1
22,004;NaN;NaN;0,01;0,0
22,050;NaN;NaN;0,01;0,0
22,084;NaN;NaN;0,01;0,0
22,105;NaN;NaN;0,01;0,0
22,132;NaN;NaN;0,01;0,0
22,176;NaN;NaN;0,01;0,0
22,212;NaN;NaN;0,01;0,0
22,255;NaN;NaN;0,01;0,0
22,308;NaN;NaN;0,01;0,0
22,332;NaN;NaN;0,01;0,0
22,361;NaN;NaN;0,01;0,0
22,394;NaN;NaN;0,01;0,0
22,429;NaN;NaN;0,01;0,0
22,456;NaN;NaN;0,01;0,0
22,487;NaN;NaN;0,01;0,0
22,518;NaN;NaN;0,01;0,0
22,562;NaN;NaN;0,01;0,0
22,598;NaN;NaN;0,01;0,0
22,628;NaN;NaN;0,01;0,0
22,647;NaN;NaN;0,01;0,0
22,690;NaN;NaN;0,01;0,0
22,738;NaN;NaN;0,01;0,0
22,780;NaN;NaN;0,01;0,0
22,809;NaN;NaN;0,01;0,0
22,846;NaN;NaN;0,01;0,0
22,870;NaN;NaN;0,01;0,0
22,912;NaN;NaN;0,01;0,0
22,941;NaN;NaN;0,01;0,0
22,972;NaN;NaN;0,01;0,0
22,994;NaN;NaN;0,01;0,0
23,017;NaN;NaN;0,01;0,0
23,053;NaN;NaN;0,01;0,0
23,101;NaN;NaN;0,01;0,0
23,158;NaN;NaN;0,01;0,0
23,188;NaN;NaN;0,01;0,0
23,232;NaN;NaN;0,01;0,0
23,261;NaN;NaN;0,01;0,0
23,289;NaN;NaN;0,01;0,0
23,327;NaN;NaN;0,01;0,0
23,374;NaN;NaN;0,01;0,0
23,411;NaN;NaN;0,01;0,0
23,441;NaN;NaN;0,01;0,0
23,474;NaN;NaN;0,02;0,0
23,505;NaN;NaN;0,01;0,0
23,533;NaN;NaN;0,01;0,0
23,558;NaN;NaN;0,01;0,0
23,588;NaN;NaN;0,01;0,0
23,629;NaN;NaN;0,01;0,0
23,661;NaN;NaN;0,01;0,0
23,687;NaN;NaN;0,01;0,0
23,714;NaN;NaN;0,01;0,0
23,735;NaN;NaN;0,01;0,0
23,772;NaN;NaN;0,01;0,0
23,799;NaN;NaN;0,01;0,0
23,833;NaN;NaN;0,01;0,0
23,857;NaN;NaN;0,01;0,0
23,886;NaN;NaN;0,01;0,0
23,937;NaN;NaN;0,01;0,0
23,993;NaN;NaN;0,01;0,0
24,023;NaN;NaN;0,01;0,0
24,066;NaN;NaN;0,01;0,0
24,099;NaN;NaN;0,01;0,0
24,126;NaN;NaN;0,01;0,0
24,176;NaN;NaN;0,01;0,0
24,209;NaN;NaN;0,01;0,0
24,246;NaN;NaN;0,01;0,0
24,275;NaN;NaN;0,01;0,0
24,305;NaN;NaN;0,01;0,0
24,331;NaN;NaN;0,01;0,0
24,378;NaN;NaN;0,01;0,0
24,407;NaN;NaN;0,01;0,0
24,452;NaN;NaN;0,01;0,0
24,482;NaN;NaN;0,01;0,0
24,512;NaN;NaN;0,01;0,0
24,540;NaN;NaN;0,01;0,0
24,578;NaN;NaN;0,01;0,0
24,618;NaN;NaN;0,01;0,0
24,645;NaN;NaN;0,01;0,0
24,671;NaN;NaN;0,01;0,0
24,697;NaN;NaN;0,01;0,0
24,714;NaN;NaN;0,01;0,0
24,754;NaN;NaN;0,01;0,0
24,781;NaN;NaN;0,01;0,0
24,831;NaN;NaN;0,01;0,0
24,845;NaN;NaN;0,01;0,0
24,895;NaN;NaN;0,01;0,0
24,922;NaN;NaN;0,01;0,0
24,955;NaN;NaN;0,01;0,0
24,998;NaN;NaN;0,01;0,0
25,044;NaN;NaN;0,01;0,0
25,075;NaN;NaN;0,01;0,0
25,113;NaN;NaN;0,01;0,0
25,163;NaN;NaN;0,01;0,0
25,201;NaN;NaN;0,01;0,0
25,247;NaN;NaN;0,01;0,0
25,284;NaN;NaN;0,01;0,0
25,320;NaN;NaN;0,01;0,0
25,362;NaN;NaN;0,01;0,0
25,416;NaN;NaN;0,01;0,0
25,460;NaN;NaN;0,01;0,0
25,489;NaN;NaN;0,01;0,0
25,540;NaN;NaN;0,01;0,0
25,571;NaN;NaN;0,01;0,0
25,606;NaN;NaN;0,01;0,0
25,643;NaN;NaN;0,01;0,0
25,675;NaN;NaN;0,01;0,0
25,702;NaN;NaN;0,01;0,0
25,734;NaN;NaN;0,01;0,0
25,762;NaN;NaN;0,01;0,0
25,791;NaN;NaN;0,01;0,0
25,823;NaN;NaN;0,01;0,0
25,844;NaN;NaN;0,01;0,0
25,871;NaN;NaN;0,01;0,0
25,903;NaN;NaN;0,01;0,0
25,942;NaN;NaN;0,01;0,0
25,976;NaN;NaN;0,01;0,0
26,018;NaN;NaN;0,01;0,0
26,054;NaN;NaN;0,01;0,0
26,078;NaN;NaN;0,01;0,0
26,113;NaN;NaN;0,01;0,0
26,153;NaN;NaN;0,01;0,0
26,185;NaN;NaN;0,01;0,0
26,212;NaN;NaN;0,01;0,0
26,247;NaN;NaN;0,01;0,0
26,280;NaN;NaN;0,01;0,0
26,322;NaN;NaN;0,01;0,0
26,350;NaN;NaN;0,01;0,0
26,401;NaN;NaN;0,01;0,0
26,438;NaN;NaN;0,01;0,0
26,476;NaN;NaN;0,01;0,0
26,519;NaN;NaN;0,01;0,0
26,545;NaN;NaN;0,01;0,0
26,569;NaN;NaN;0,01;0,0
26,604;NaN;NaN;0,01;0,0
26,634;NaN;NaN;0,01;0,0
26,665;NaN;NaN;0,01;0,0
26,705;NaN;NaN;0,01;0,0
26,733;NaN;NaN;0,02;0,0
26,765;NaN;NaN;0,01;0,0
26,793;NaN;NaN;0,01;0,0
26,829;NaN;NaN;0,01;0,0
26,878;NaN;NaN;0,01;0,0
26,909;NaN;NaN;0,01;0,0
26,947;NaN;NaN;0,01;0,0
26,978;NaN;NaN;0,01;0,0
27,020;NaN;NaN;0,01;0,0
27,078;NaN;NaN;0,01;0,0
27,114;NaN;NaN;0,01;0,0
27,147;NaN;NaN;0,01;0,0
27,167;NaN;NaN;0,01;0,0
27,180;NaN;NaN;0,01;0,0
27,235;NaN;NaN;0,01;0,0
27,267;NaN;NaN;0,01;0,0
27,312;NaN;NaN;0,01;0,0
27,372;NaN;NaN;0,01;0,0
27,416;NaN;NaN;0,01;0,0
27,462;NaN;NaN;0,01;0,0
27,499;NaN;NaN;0,01;0,0
27,529;NaN;NaN;0,01;0,0
27,552;NaN;NaN;0,01;0,0
27,581;NaN;NaN;0,01;0,0
27,628;NaN;NaN;0,01;0,0
27,648;NaN;NaN;0,01;0,0
27,670;NaN;NaN;0,01;0,0
27,688;NaN;NaN;0,01;0,0
27,726;NaN;NaN;0,01;0,0
27,779;NaN;NaN;0,01;0,0
27,818;NaN;NaN;0,01;0,0
27,847;NaN;NaN;0,01;0,0
27,890;NaN;NaN;0,01;0,0
27,926;NaN;NaN;0,01;0,0
27,956;NaN;NaN;0,01;0,0
27,992;NaN;NaN;0,01;0,0
28,028;NaN;NaN;0,01;0,0
28,055;NaN;NaN;0,01;0,0
28,083;NaN;NaN;0,01;0,0
28,122;NaN;NaN;0,01;0,0
28,160;NaN;NaN;0,01;0,0
28,205;NaN;NaN;0,01;0,0
28,234;NaN;NaN;0,01;0,0
28,270;NaN;NaN;0,01;0,0
28,278;NaN;NaN;0,01;0,0
28,312;NaN;NaN;0,01;0,0
28,348;NaN;NaN;0,01;0,0
28,389;NaN;NaN;0,01;0,0
28,417;NaN;NaN;0,01;0,0
28,469;NaN;NaN;0,01;0,0
28,511;NaN;NaN;0,01;0,0
28,540;NaN;NaN;0,01;0,0
28,575;NaN;NaN;0,01;0,0
28,611;NaN;NaN;0,01;0,0
28,664;NaN;NaN;0,01;0,0
28,700;NaN;NaN;0,01;0,0
28,729;NaN;NaN;0,01;0,0
28,753;NaN;NaN;0,01;0,0
28,804;NaN;NaN;0,01;0,0
28,848;NaN;NaN;0,01;0,1
28,877;NaN;NaN;0,01;0,1
28,898;NaN;NaN;0,01;0,1
28,924;NaN;NaN;0,01;0,1
28,958;NaN;NaN;0,01;0,0
28,992;NaN;NaN;0,01;0,0
29,012;NaN;NaN;0,01;0,0
29,040;NaN;NaN;0,01;0,0
29,062;NaN;NaN;0,01;0,0
29,086;NaN;NaN;0,01;0,0
29,118;NaN;NaN;0,01;0,0
29,168;NaN;NaN;0,01;0,0
29,198;NaN;NaN;0,01;0,0
29,224;NaN;NaN;0,01;0,0
29,263;NaN;NaN;0,01;0,0
29,291;NaN;NaN;0,01;0,0
29,320;NaN;NaN;0,01;0,0
29,349;NaN;NaN;0,01;0,0
29,382;NaN;NaN;0,01;0,0
29,424;NaN;NaN;0,01;0,0
29,465;NaN;NaN;0,01;0,0
29,509;NaN;NaN;0,01;0,0
29,540;NaN;NaN;0,01;0,0
29,569;NaN;NaN;0,01;0,0
29,603;NaN;NaN;0,01;0,0
29,637;NaN;NaN;0,01;0,0
29,661;NaN;NaN;0,01;0,0
29,693;NaN;NaN;0,01;0,0
29,718;NaN;NaN;0,01;0,0
29,757;NaN;NaN;0,01;0,0
29,792;NaN;NaN;0,01;0,0
29,817;NaN;NaN;0,01;0,0
29,844;NaN;NaN;0,01;0,0
29,874;NaN;NaN;0,01;0,0
29,905;NaN;NaN;0,01;0,0
29,918;NaN;NaN;0,01;0,0
29,987;NaN;NaN;0,01;0,0
30,030;NaN;NaN;0,01;0,0
30,079;NaN;NaN;0,01;0,1
30,122;NaN;NaN;0,01;0,0
30,156;NaN;NaN;0,01;0,0
30,188;NaN;NaN;0,01;0,0
30,230;NaN;NaN;0,01;0,0
30,261;NaN;NaN;0,01;0,0
30,301;NaN;NaN;0,01;0,0
30,348;NaN;NaN;0,01;0,0
30,391;NaN;NaN;0,01;0,0
30,438;NaN;NaN;0,01;0,0
30,467;NaN;NaN;0,01;0,0
30,505;NaN;NaN;0,01;0,0
30,551;NaN;NaN;0,01;0,0
30,591;NaN;NaN;0,01;0,0
30,620;NaN;NaN;0,01;0,0
30,649;NaN;NaN;0,01;0,0
30,674;NaN;NaN;0,01;0,0
30,708;NaN;NaN;0,01;0,0
30,729;NaN;NaN;0,01;0,0
30,761;NaN;NaN;0,01;0,0
30,787;NaN;NaN;0,01;0,0
30,832;NaN;NaN;0,01;0,0
30,862;NaN;NaN;0,01;0,0
30,899;NaN;NaN;0,01;0,0
30,940;NaN;NaN;0,01;0,0
30,965;NaN;NaN;0,01;0,0
30,982;NaN;NaN;0,01;0,0
31,019;NaN;NaN;0,01;0,0
31,052;NaN;NaN;0,01;0,0
31,114;NaN;NaN;0,01;0,0
31,164;NaN;NaN;0,01;0,0
31,215;NaN;NaN;0,01;0,0
31,258;NaN;NaN;0,01;0,0
31,288;NaN;NaN;0,01;0,0
31,342;NaN;NaN;0,01;0,0
31,380;NaN;NaN;0,01;0,0
31,407;NaN;NaN;0,01;0,0
31,493;NaN;NaN;0,01;0,0
31,537;NaN;NaN;0,01;0,0
31,575;NaN;NaN;0,01;0,0
31,614;NaN;NaN;0,01;0,0
31,640;NaN;NaN;0,01;0,0
31,665;NaN;NaN;0,01;0,0
31,703;NaN;NaN;0,01;0,0
31,737;NaN;NaN;0,01;0,0
31,774;NaN;NaN;0,01;0,0
31,806;NaN;NaN;0,01;0,0
31,842;NaN;NaN;0,01;0,0
31,865;NaN;NaN;0,01;0,0
31,905;NaN;NaN;0,01;0,0
31,928;NaN;NaN;0,01;0,0
31,966;NaN;NaN;0,01;0,0
31,993;NaN;NaN;0,01;0,0
32,038;NaN;NaN;0,01;0,0
32,079;NaN;NaN;0,01;0,0
32,117;NaN;NaN;0,01;0,0
32,149;NaN;NaN;0,01;0,0
32,182;NaN;NaN;0,01;0,0
32,205;NaN;NaN;0,01;0,0
32,229;NaN;NaN;0,01;0,0
32,252;NaN;NaN;0,01;0,0
32,285;NaN;NaN;0,01;0,0
32,323;NaN;NaN;0,01;0,0
32,353;NaN;NaN;0,01;0,0
32,396;NaN;NaN;0,01;0,0
32,439;NaN;NaN;0,01;0,0
32,489;NaN;NaN;0,01;0,0
32,526;NaN;NaN;0,01;0,0
32,561;NaN;NaN;0,01;0,0
32,607;NaN;NaN;0,01;0,0
32,636;NaN;NaN;0,01;0,0
32,693;NaN;NaN;0,01;0,0
32,739;NaN;NaN;0,01;0,0
32,767;NaN;NaN;0,01;0,0
32,804;NaN;NaN;0,01;0,0
32,836;NaN;NaN;0,01;0,0
32,855;NaN;NaN;0,01;0,0
32,887;NaN;NaN;0,01;0,0
32,948;NaN;NaN;0,01;0,0
32,973;NaN;NaN;0,01;0,0
33,009;NaN;NaN;0,01;0,0
33,059;NaN;NaN;0,01;0,0
33,102;NaN;NaN;0,01;0,0
33,129;NaN;NaN;0,01;0,0
33,167;NaN;NaN;0,01;0,0
33,190;NaN;NaN;0,01;0,0
33,227;NaN;NaN;0,01;0,0
33,263;NaN;NaN;0,01;0,0
33,297;NaN;NaN;0,01;0,0
33,327;NaN;NaN;0,01;0,0
33,380;NaN;NaN;0,01;0,0
33,407;NaN;NaN;0,01;0,0
33,439;NaN;NaN;0,01;0,0
33,469;NaN;NaN;0,01;0,0
33,508;NaN;NaN;0,01;0,0
33,563;NaN;NaN;0,01;0,0
33,600;NaN;NaN;0,01;0,0
33,629;NaN;NaN;0,01;0,0
33,652;NaN;NaN;0,01;0,0
33,685;NaN;NaN;0,01;0,0
33,713;NaN;NaN;0,01;0,0
33,748;NaN;NaN;0,01;0,0
33,801;NaN;NaN;0,01;0,0
33,838;NaN;NaN;0,01;0,0
33,867;NaN;NaN;0,01;0,0
33,892;NaN;NaN;0,01;0,0
33,918;NaN;NaN;0,01;0,0
33,964;NaN;NaN;0,01;0,0
34,002;NaN;NaN;0,01;0,0
34,025;NaN;NaN;0,01;0,0
34,052;NaN;NaN;0,01;0,0
34,081;NaN;NaN;0,01;0,0
34,117;NaN;NaN;0,01;0,0
34,160;NaN;NaN;0,01;0,0
34,192;NaN;NaN;0,01;0,0
34,220;NaN;NaN;0,01;0,0
34,264;NaN;NaN;0,01;0,0
34,306;NaN;NaN;0,01;0,0
34,334;NaN;NaN;0,01;0,0
34,373;NaN;NaN;0,01;0,0
34,408;NaN;NaN;0,01;0,0
34,440;NaN;NaN;0,01;0,0
34,475;NaN;NaN;0,01;0,0
34,531;NaN;NaN;0,01;0,0
34,581;NaN;NaN;0,01;0,0
34,620;NaN;NaN;0,01;0,0
34,649;NaN;NaN;0,01;0,0
34,674;NaN;NaN;0,01;0,0
34,689;NaN;NaN;0,01;0,0
34,740;NaN;NaN;0,01;0,1
34,770;NaN;NaN;0,01;0,0
34,806;NaN;NaN;0,01;0,0
34,840;NaN;NaN;0,01;0,0
34,863;NaN;NaN;0,01;0,0
34,876;NaN;NaN;0,01;0,0
34,952;NaN;NaN;0,01;0,0
34,987;NaN;NaN;0,01;0,0
35,012;NaN;NaN;0,01;0,0
35,066;NaN;NaN;0,01;0,0
35,100;NaN;NaN;0,01;0,0
35,136;NaN;NaN;0,01;0,0
35,167;NaN;NaN;0,01;0,0
35,213;NaN;NaN;0,01;0,0
35,249;NaN;NaN;0,01;0,0
35,280;NaN;NaN;0,01;0,0
35,314;NaN;NaN;0,01;0,0
35,349;NaN;NaN;0,01;0,0
35,382;NaN;NaN;0,01;0,0
35,413;NaN;NaN;0,01;0,0
35,449;NaN;NaN;0,01;0,0
35,479;NaN;NaN;0,01;0,0
35,534;NaN;NaN;0,09;23,1
35,579;NaN;NaN;0,01;0,0
35,618;NaN;NaN;0,01;0,0
35,648;NaN;NaN;0,01;0,0
35,671;NaN;NaN;0,01;0,0
35,732;NaN;NaN;0,01;0,0
35,783;NaN;NaN;0,01;0,0
35,819;NaN;NaN;0,01;0,0
35,854;NaN;NaN;0,01;0,0
35,888;NaN;NaN;0,01;0,0
35,919;NaN;NaN;0,01;0,0
35,944;NaN;NaN;0,01;0,0
35,976;NaN;NaN;0,01;0,0
36,003;NaN;NaN;0,01;0,0
36,037;NaN;NaN;0,01;0,0
36,077;NaN;NaN;0,01;0,0
36,117;NaN;NaN;0,01;0,0
36,147;NaN;NaN;0,01;0,0
36,178;NaN;NaN;0,01;0,0
36,210;NaN;NaN;0,01;0,0
36,239;NaN;NaN;0,01;0,0
36,267;NaN;NaN;0,01;0,0
36,296;NaN;NaN;0,01;0,0
36,335;NaN;NaN;0,01;0,0
36,361;NaN;NaN;0,01;0,0
36,387;NaN;NaN;0,01;0,0
36,428;NaN;NaN;0,01;0,0
36,457;NaN;NaN;0,01;0,0
36,501;NaN;NaN;0,01;0,0
36,543;NaN;NaN;0,01;0,0
36,584;NaN;NaN;0,01;0,0
36,634;NaN;NaN;0,01;0,0
36,676;NaN;NaN;0,01;0,0
36,703;NaN;NaN;0,01;0,0
36,743;NaN;NaN;0,01;0,0
36,780;NaN;NaN;0,01;0,0
36,806;NaN;NaN;0,01;0,0
36,838;NaN;NaN;0,01;0,0
36,860;NaN;NaN;0,01;0,0
36,889;NaN;NaN;0,01;0,0
36,917;NaN;NaN;0,01;0,0
36,943;NaN;NaN;0,01;0,0
36,981;NaN;NaN;0,01;0,0
37,012;NaN;NaN;0,01;0,0
37,038;NaN;NaN;0,01;0,0
37,073;NaN;NaN;0,01;0,0
37,099;NaN;NaN;0,01;0,0
37,146;NaN;NaN;0,01;0,0
37,173;NaN;NaN;0,01;0,0
37,212;NaN;NaN;0,01;0,0
37,251;NaN;NaN;0,01;0,0
37,274;NaN;NaN;0,01;0,0
37,326;NaN;NaN;0,01;0,0
37,352;NaN;NaN;0,01;0,0
37,379;NaN;NaN;0,01;0,0
37,406;NaN;NaN;0,01;0,0
37,443;NaN;NaN;0,01;0,0
37,486;NaN;NaN;0,01;0,0
37,530;NaN;NaN;0,01;0,0
37,570;NaN;NaN;0,01;0,0
37,613;NaN;NaN;0,01;0,0
37,651;NaN;NaN;0,01;0,0
37,670;NaN;NaN;0,01;0,0
37,701;NaN;NaN;0,01;0,0
37,720;NaN;NaN;0,01;0,0
37,740;NaN;NaN;0,01;0,0
37,781;NaN;NaN;0,01;0,0
37,811;NaN;NaN;0,01;0,0
37,842;NaN;NaN;0,01;0,0
37,866;NaN;NaN;0,01;0,0
37,886;NaN;NaN;0,01;0,0
37,948;NaN;NaN;0,01;0,0
37,982;NaN;NaN;0,01;0,0
38,006;NaN;NaN;0,01;0,0
38,052;NaN;NaN;0,01;0,0
38,082;NaN;NaN;0,01;0,0
38,121;NaN;NaN;0,01;0,0
38,154;NaN;NaN;0,01;0,0
38,184;NaN;NaN;0,01;0,0
38,227;NaN;NaN;0,01;0,0
38,258;NaN;NaN;0,01;0,0
38,288;NaN;NaN;0,01;0,0
38,315;NaN;NaN;0,01;0,0
38,347;NaN;NaN;0,01;0,0
38,372;NaN;NaN;0,01;0,0
38,422;NaN;NaN;0,01;0,0
38,457;NaN;NaN;0,01;0,0
38,491;NaN;NaN;0,01;0,0
38,538;NaN;NaN;0,01;0,0
38,579;NaN;NaN;0,01;0,0
38,605;NaN;NaN;0,01;0,0
38,634;NaN;NaN;0,01;0,0
38,664;NaN;NaN;0,01;0,0
38,703;NaN;NaN;0,01;0,0
38,731;NaN;NaN;0,01;0,0
38,768;NaN;NaN;0,01;0,0
38,794;NaN;NaN;0,01;0,0
38,826;NaN;NaN;0,01;0,0
38,860;NaN;NaN;0,01;0,0
38,899;NaN;NaN;0,01;0,0
38,925;NaN;NaN;0,01;0,0
38,955;NaN;NaN;0,01;0,0
38,987;NaN;NaN;0,01;0,0
39,022;NaN;NaN;0,01;0,0
39,052;NaN;NaN;0,01;0,0
39,082;NaN;NaN;0,01;0,0
39,095;NaN;NaN;0,01;0,0
39,156;NaN;NaN;0,01;0,0
39,185;NaN;NaN;0,01;0,0
39,229;NaN;NaN;0,01;0,0
39,271;NaN;NaN;0,01;0,0
39,322;NaN;NaN;0,01;0,0
39,352;NaN;NaN;0,01;0,0
39,383;NaN;NaN;0,01;0,0
39,416;NaN;NaN;0,01;0,0
39,446;NaN;NaN;0,01;0,0
39,491;NaN;NaN;0,01;0,0
39,521;NaN;NaN;0,01;0,0
39,577;NaN;NaN;0,01;0,0
39,608;NaN;NaN;0,01;0,0
39,650;NaN;NaN;0,01;0,0
39,680;NaN;NaN;0,01;0,0
39,722;NaN;NaN;0,01;0,1
39,779;NaN;NaN;0,01;0,0
39,817;NaN;NaN;0,01;0,0
39,846;NaN;NaN;0,01;0,0
39,884;NaN;NaN;0,01;0,0
39,903;NaN;NaN;0,01;0,0
39,922;NaN;NaN;0,01;0,0
39,993;NaN;NaN;0,01;0,0
40,021;NaN;NaN;0,01;0,0
40,054;NaN;NaN;0,01;0,0
40,094;NaN;NaN;0,01;0,0
40,129;NaN;NaN;0,01;0,0
40,168;NaN;NaN;0,01;0,0
40,197;NaN;NaN;0,01;0,0
40,234;NaN;NaN;0,01;0,0
40,265;NaN;NaN;0,01;0,0
40,296;NaN;NaN;0,01;0,0
40,324;NaN;NaN;0,01;0,0
40,362;NaN;NaN;0,01;0,0
40,387;NaN;NaN;0,01;0,0
40,426;NaN;NaN;0,01;0,0
40,467;NaN;NaN;0,01;0,0
40,494;NaN;NaN;0,01;0,0
40,532;NaN;NaN;0,01;0,0
40,558;NaN;NaN;0,01;0,0
40,614;NaN;NaN;0,01;0,0
40,633;NaN;NaN;0,01;0,0
40,655;NaN;NaN;0,01;0,0
40,672;NaN;NaN;0,01;0,0
40,704;NaN;NaN;0,01;0,0
40,731;NaN;NaN;0,01;0,0
40,768;NaN;NaN;0,01;0,0
40,789;NaN;NaN;0,01;0,0
40,810;NaN;NaN;0,01;0,0
40,842;NaN;NaN;0,01;0,0
40,893;NaN;NaN;0,01;0,0
40,949;NaN;NaN;0,01;0,0
40,979;NaN;NaN;0,01;0,0
41,020;NaN;NaN;0,01;0,0
41,053;NaN;NaN;0,01;0,0
41,085;NaN;NaN;0,01;0,0
41,130;NaN;NaN;0,01;0,0
41,171;NaN;NaN;0,01;0,0
41,197;NaN;NaN;0,01;0,0
41,229;NaN;NaN;0,01;0,0
41,264;NaN;NaN;0,01;0,0
41,294;NaN;NaN;0,01;0,0
41,327;NaN;NaN;0,01;0,0
41,356;NaN;NaN;0,01;0,0
41,379;NaN;NaN;0,01;0,0
41,402;NaN;NaN;0,01;0,0
41,432;NaN;NaN;0,01;0,0
41,463;NaN;NaN;0,01;0,0
41,507;NaN;NaN;0,01;0,0
41,537;NaN;NaN;0,01;0,0
41,576;NaN;NaN;0,01;0,0
41,635;NaN;NaN;0,01;0,0
41,657;NaN;NaN;0,01;0,0
41,685;NaN;NaN;0,01;0,0
41,713;NaN;NaN;0,01;0,0
41,749;NaN;NaN;0,01;0,0
41,788;NaN;NaN;0,01;0,0
41,820;NaN;NaN;0,01;0,0
41,849;NaN;NaN;0,01;0,0
41,876;NaN;NaN;0,01;0,0
41,910;NaN;NaN;0,01;0,1
41,947;NaN;NaN;0,01;0,0
41,974;NaN;NaN;0,01;0,0
42,008;NaN;NaN;0,01;0,0
42,029;NaN;NaN;0,01;0,0
42,052;NaN;NaN;0,01;0,0
42,096;NaN;NaN;0,01;0,0
42,123;NaN;NaN;0,01;0,0
42,150;NaN;NaN;0,01;0,0
42,194;NaN;NaN;0,01;0,0
42,221;NaN;NaN;0,01;0,0
42,273;NaN;NaN;0,01;0,0
42,299;NaN;NaN;0,01;0,0
42,337;NaN;NaN;0,01;0,0
42,365;NaN;NaN;0,01;0,0
42,410;NaN;NaN;0,01;0,1
42,447;NaN;NaN;0,01;0,0
42,472;NaN;NaN;0,01;0,0
42,510;NaN;NaN;0,01;0,0
42,551;NaN;NaN;0,02;0,0
42,583;NaN;NaN;0,01;0,0
42,639;NaN;NaN;0,01;0,0
42,674;NaN;NaN;0,01;0,0
42,700;NaN;NaN;0,01;0,0
42,736;NaN;NaN;0,01;0,0
42,768;NaN;NaN;0,01;0,0
42,794;NaN;NaN;0,01;0,0
42,812;NaN;NaN;0,01;0,0
42,842;NaN;NaN;0,01;0,0
42,881;NaN;NaN;0,01;0,0
42,903;NaN;NaN;0,01;0,0
42,935;NaN;NaN;0,01;0,0
42,965;NaN;NaN;0,01;0,0
42,986;NaN;NaN;0,01;0,0
43,015;NaN;NaN;0,01;0,0
43,052;NaN;NaN;0,01;0,0
43,098;NaN;NaN;0,01;0,0
43,166;NaN;NaN;0,01;0,0
43,206;NaN;NaN;0,01;0,0
43,243;NaN;NaN;0,01;0,0
43,272;NaN;NaN;0,02;0,0
43,301;NaN;NaN;0,02;0,0
43,338;NaN;NaN;0,02;0,0
43,370;NaN;NaN;0,01;0,0
43,409;NaN;NaN;0,01;0,0
43,440;NaN;NaN;0,01;0,0
43,469;NaN;NaN;0,01;0,0
43,513;NaN;NaN;0,01;0,1
43,553;NaN;NaN;0,01;0,0
43,598;NaN;NaN;0,01;0,0
43,647;NaN;NaN;0,01;0,0
43,692;NaN;NaN;0,01;0,0
43,722;NaN;NaN;0,01;0,0
43,775;NaN;NaN;0,01;0,0
43,828;NaN;NaN;0,01;0,0
43,865;NaN;NaN;0,01;0,0
43,908;NaN;NaN;0,01;0,0
43,944;NaN;NaN;0,01;0,0
43,974;NaN;NaN;0,01;0,0
44,023;NaN;NaN;0,01;0,0
44,055;NaN;NaN;0,01;0,0
44,089;NaN;NaN;0,01;0,0
44,131;NaN;NaN;0,01;0,0
44,171;NaN;NaN;0,01;0,0
44,204;NaN;NaN;0,01;0,0
44,228;NaN;NaN;0,01;0,0
44,256;NaN;NaN;0,01;0,0
44,282;NaN;NaN;0,01;0,0
44,310;NaN;NaN;0,01;0,0
44,336;NaN;NaN;0,01;0,0
44,363;NaN;NaN;0,01;0,0
44,396;NaN;NaN;0,01;0,0
44,421;NaN;NaN;0,01;0,0
44,449;NaN;NaN;0,01;0,0
44,479;NaN;NaN;0,01;0,0
44,514;NaN;NaN;0,01;0,0
44,546;NaN;NaN;0,01;0,0
44,586;NaN;NaN;0,01;0,0
44,631;NaN;NaN;0,01;0,0
44,675;NaN;NaN;0,01;0,0
44,722;NaN;NaN;0,02;0,0
44,751;NaN;NaN;0,02;0,0
44,782;NaN;NaN;0,01;0,0
44,836;NaN;NaN;0,01;0,0
44,867;NaN;NaN;0,01;0,0
44,891;NaN;NaN;0,01;0,0
44,936;NaN;NaN;0,01;0,0
44,979;NaN;NaN;0,01;0,0
45,006;NaN;NaN;0,01;0,0
45,055;NaN;NaN;0,01;0,0
45,094;NaN;NaN;0,01;0,0
45,120;NaN;NaN;0,01;0,0
45,166;NaN;NaN;0,01;0,0
45,198;NaN;NaN;0,01;0,0
45,238;NaN;NaN;0,01;0,0
45,284;NaN;NaN;0,01;0,0
45,326;NaN;NaN;0,01;0,0
45,358;NaN;NaN;0,01;0,0
45,416;NaN;NaN;0,01;0,0
45,455;NaN;NaN;0,01;0,1
45,486;NaN;NaN;0,01;0,1
45,514;NaN;NaN;0,01;0,0
45,551;NaN;NaN;0,01;0,0
45,592;NaN;NaN;0,01;0,0
45,630;NaN;NaN;0,01;0,0
45,665;NaN;NaN;0,01;0,1
45,685;NaN;NaN;0,01;0,0
45,711;NaN;NaN;0,01;0,0
45,759;NaN;NaN;0,01;0,0
45,786;NaN;NaN;0,01;0,0
45,841;NaN;NaN;0,01;0,0
45,878;NaN;NaN;0,01;0,0
45,915;NaN;NaN;0,01;0,0
45,959;NaN;NaN;0,01;0,0
45,995;NaN;NaN;0,01;0,0
46,030;NaN;NaN;0,01;0,0
46,069;NaN;NaN;0,01;0,0
46,095;NaN;NaN;0,01;0,0
46,120;NaN;NaN;0,01;0,0
46,160;NaN;NaN;0,01;0,0
46,205;NaN;NaN;0,01;0,0
46,265;NaN;NaN;0,01;0,0
46,310;NaN;NaN;0,01;0,0
46,358;NaN;NaN;0,01;0,0
46,385;NaN;NaN;0,01;0,0
46,428;NaN;NaN;0,01;0,0
46,475;NaN;NaN;0,01;0,0
46,510;NaN;NaN;0,01;0,0
46,554;NaN;NaN;0,01;0,1
46,573;NaN;NaN;0,01;0,0
46,613;NaN;NaN;0,01;0,0
46,652;NaN;NaN;0,01;0,0
46,702;NaN;NaN;0,01;0,0
46,748;NaN;NaN;0,01;0,0
46,784;NaN;NaN;0,01;0,0
46,813;NaN;NaN;0,01;0,0
46,837;NaN;NaN;0,01;0,0
46,905;NaN;NaN;0,01;0,0
46,948;NaN;NaN;0,01;0,0
46,998;NaN;NaN;0,01;0,0
47,047;NaN;NaN;0,01;0,0
47,086;NaN;NaN;0,01;0,0
47,107;NaN;NaN;0,01;0,0
47,142;NaN;NaN;0,01;0,2
47,168;NaN;NaN;0,01;0,0
47,185;NaN;NaN;0,01;0,0
47,212;NaN;NaN;0,01;0,0
47,244;NaN;NaN;0,01;0,0
47,269;NaN;NaN;0,01;0,0
47,294;NaN;NaN;0,01;0,0
47,317;NaN;NaN;0,01;0,0
47,341;NaN;NaN;0,01;0,0
47,376;NaN;NaN;0,01;0,0
47,410;NaN;NaN;0,01;0,0
47,436;NaN;NaN;0,01;0,0
47,467;NaN;NaN;0,01;0,0
47,510;NaN;NaN;0,01;0,0
47,547;NaN;NaN;0,02;0,0
47,583;NaN;NaN;0,01;0,0
47,623;NaN;NaN;0,01;0,0
47,664;NaN;NaN;0,01;0,0
47,701;NaN;NaN;0,01;0,0
47,736;NaN;NaN;0,02;0,0
47,775;NaN;NaN;0,01;0,0
47,806;NaN;NaN;0,01;0,0
47,841;NaN;NaN;0,01;0,0
47,874;NaN;NaN;0,01;0,0
47,905;NaN;NaN;0,01;0,0
47,944;NaN;NaN;0,01;0,0
47,975;NaN;NaN;0,01;0,0
48,015;NaN;NaN;0,01;0,0
48,046;NaN;NaN;0,01;0,0
48,067;NaN;NaN;0,01;0,0
48,077;NaN;NaN;0,02;0,0
48,125;NaN;NaN;0,01;0,0
48,157;NaN;NaN;0,01;0,0
48,183;NaN;NaN;0,01;0,0
48,218;NaN;NaN;0,01;0,0
48,243;NaN;NaN;0,01;0,0
48,281;NaN;NaN;0,01;0,0
48,320;NaN;NaN;0,01;0,0
48,349;NaN;NaN;0,01;0,0
48,392;NaN;NaN;0,01;0,0
48,425;NaN;NaN;0,01;0,0
48,466;NaN;NaN;0,01;0,0
48,497;NaN;NaN;0,01;0,0
48,519;NaN;NaN;0,01;0,0
48,556;NaN;NaN;0,01;0,0
48,590;NaN;NaN;0,01;0,0
48,637;NaN;NaN;0,01;0,0
48,673;NaN;NaN;0,01;0,0
48,705;NaN;NaN;0,01;0,0
48,740;NaN;NaN;0,01;0,0
48,778;NaN;NaN;0,01;0,0
48,802;NaN;NaN;0,01;0,0
48,831;NaN;NaN;0,01;0,0
48,878;NaN;NaN;0,01;0,0
48,914;NaN;NaN;0,01;0,0
48,943;NaN;NaN;0,01;0,0
48,968;NaN;NaN;0,01;0,0
48,995;NaN;NaN;0,01;0,0
49,029;NaN;NaN;0,01;0,0
49,072;NaN;NaN;0,01;0,0
49,112;NaN;NaN;0,01;0,0
49,158;NaN;NaN;0,01;0,0
49,186;NaN;NaN;0,01;0,0
49,219;NaN;NaN;0,01;0,0
49,253;NaN;NaN;0,01;0,0
49,282;NaN;NaN;0,01;0,0
49,307;NaN;NaN;0,01;0,0
49,339;NaN;NaN;0,01;0,0
49,373;NaN;NaN;0,01;0,0
49,398;NaN;NaN;0,01;0,0
49,448;NaN;NaN;0,01;0,0
49,475;NaN;NaN;0,01;0,0
49,500;NaN;NaN;0,01;0,0
49,546;NaN;NaN;0,01;0,0
49,590;NaN;NaN;0,01;0,0
49,634;NaN;NaN;0,01;0,0
49,675;NaN;NaN;0,01;0,0
49,706;NaN;NaN;0,01;0,0
49,744;NaN;NaN;0,01;0,0
49,766;NaN;NaN;0,01;0,0
49,794;NaN;NaN;0,01;0,0
49,820;NaN;NaN;0,01;0,0
49,858;NaN;NaN;0,01;0,0
49,890;NaN;NaN;0,01;0,0
49,931;NaN;NaN;0,01;0,0
49,962;NaN;NaN;0,01;0,0
49,993;NaN;NaN;0,01;0,0
50,020;NaN;NaN;0,01;0,0
50,052;NaN;NaN;0,01;0,2
50,086;NaN;NaN;0,01;0,0
50,111;NaN;NaN;0,01;0,0
50,142;NaN;NaN;0,01;0,0
50,182;NaN;NaN;0,01;0,0
50,217;NaN;NaN;0,01;0,0
50,253;NaN;NaN;0,01;0,0
50,293;NaN;NaN;0,01;0,0
50,326;NaN;NaN;0,01;0,0
50,371;NaN;NaN;0,01;0,0
50,408;NaN;NaN;0,01;0,0
50,445;NaN;NaN;0,01;0,0
50,487;NaN;NaN;0,01;0,0
50,520;NaN;NaN;0,01;0,0
50,561;NaN;NaN;0,02;0,0
50,602;NaN;NaN;0,02;0,0
50,640;NaN;NaN;0,02;0,0
50,695;NaN;NaN;0,01;0,0
50,722;NaN;NaN;0,01;0,0
50,758;NaN;NaN;0,01;0,0
50,791;NaN;NaN;0,01;0,1
50,833;NaN;NaN;0,01;0,0
50,873;NaN;NaN;0,01;0,0
50,901;NaN;NaN;0,01;0,0
50,938;NaN;NaN;0,01;0,0
50,981;NaN;NaN;0,01;0,0
51,011;NaN;NaN;0,01;0,0
51,035;NaN;NaN;0,01;0,0
51,057;NaN;NaN;0,01;0,1
51,083;NaN;NaN;0,01;0,0
51,105;NaN;NaN;0,01;0,0
51,159;NaN;NaN;0,01;0,0
51,190;NaN;NaN;0,01;0,0
51,218;NaN;NaN;0,01;0,0
51,247;NaN;NaN;0,01;0,0
51,268;NaN;NaN;0,01;0,0
51,301;NaN;NaN;0,01;0,0
51,330;NaN;NaN;0,01;0,0
51,363;NaN;NaN;0,01;0,0
51,411;NaN;NaN;0,01;0,0
51,439;NaN;NaN;0,01;0,0
51,485;NaN;NaN;0,01;0,0
51,494;NaN;NaN;0,01;0,0
51,534;NaN;NaN;0,01;0,0
51,574;NaN;NaN;0,01;0,0
51,605;NaN;NaN;0,01;0,0
51,661;NaN;NaN;0,01;0,0
51,695;NaN;NaN;0,01;0,0
51,725;NaN;NaN;0,01;0,0
51,755;NaN;NaN;0,01;0,0
51,799;NaN;NaN;0,01;0,0
51,827;NaN;NaN;0,01;0,0
51,883;NaN;NaN;0,01;0,0
51,928;NaN;NaN;0,01;0,0
51,965;NaN;NaN;0,01;0,0
52,000;NaN;NaN;0,01;0,0
52,038;NaN;NaN;0,01;0,0
52,075;NaN;NaN;0,01;0,0
52,119;NaN;NaN;0,01;0,0
52,159;NaN;NaN;0,01;0,0
52,198;NaN;NaN;0,01;0,0
52,224;NaN;NaN;0,01;0,0
52,283;NaN;NaN;0,01;0,0
52,312;NaN;NaN;0,01;0,0
52,339;NaN;NaN;0,01;0,0
52,362;NaN;NaN;0,01;0,0
52,398;NaN;NaN;0,01;0,0
52,428;NaN;NaN;0,01;0,0
52,469;NaN;NaN;0,01;0,0
52,504;NaN;NaN;0,01;0,0
52,537;NaN;NaN;0,01;0,0
52,584;NaN;NaN;0,01;0,0
52,615;NaN;NaN;0,01;0,0
52,658;NaN;NaN;0,01;0,0
52,701;NaN;NaN;0,02;0,0
52,760;NaN;NaN;0,01;0,0
52,803;NaN;NaN;0,01;0,0
52,830;NaN;NaN;0,01;0,0
52,887;NaN;NaN;0,01;0,0
52,932;NaN;NaN;0,01;0,0
52,969;NaN;NaN;0,01;0,0
53,005;NaN;NaN;0,01;0,0
53,035;NaN;NaN;0,01;0,0
53,078;NaN;NaN;0,01;0,0
53,121;NaN;NaN;0,01;0,0
53,148;NaN;NaN;0,01;0,0
53,179;NaN;NaN;0,01;0,0
53,229;NaN;NaN;0,01;0,0
53,264;NaN;NaN;0,01;0,0
53,290;NaN;NaN;0,01;0,0
53,320;NaN;NaN;0,01;0,0
53,347;NaN;NaN;0,01;0,0
53,398;NaN;NaN;0,01;0,0
53,427;NaN;NaN;0,01;0,0
53,467;NaN;NaN;0,01;0,0
53,500;NaN;NaN;0,01;0,0
53,545;NaN;NaN;0,01;0,0
53,594;NaN;NaN;0,01;0,0
53,623;NaN;NaN;0,01;0,0
53,681;NaN;NaN;0,01;0,0
53,732;NaN;NaN;0,01;0,0
53,760;NaN;NaN;0,01;0,0
53,815;NaN;NaN;0,01;0,0
53,858;NaN;NaN;0,01;0,0
53,897;NaN;NaN;0,01;0,0
53,928;NaN;NaN;0,01;0,0
53,966;NaN;NaN;0,01;0,0
53,992;NaN;NaN;0,01;0,0
54,040;NaN;NaN;0,01;0,0
54,081;NaN;NaN;0,01;0,0
54,107;NaN;NaN;0,01;0,0
54,148;NaN;NaN;0,01;0,0
54,181;NaN;NaN;0,01;0,0
54,220;NaN;NaN;0,01;0,0
54,246;NaN;NaN;0,01;0,0
54,271;NaN;NaN;0,01;0,0
54,292;NaN;NaN;0,01;0,0
54,316;NaN;NaN;0,01;0,0
54,360;NaN;NaN;0,01;0,0
54,386;NaN;NaN;0,01;0,0
54,423;NaN;NaN;0,01;0,0
54,467;NaN;NaN;0,01;0,0
54,498;NaN;NaN;0,01;0,0
54,526;NaN;NaN;0,01;0,0
54,556;NaN;NaN;0,01;0,0
54,567;NaN;NaN;0,01;0,0
54,612;NaN;NaN;0,01;0,0
54,656;NaN;NaN;0,01;0,0
54,702;NaN;NaN;0,01;0,0
54,744;NaN;NaN;0,01;0,0
54,771;NaN;NaN;0,01;0,0
54,789;NaN;NaN;0,01;0,0
54,815;NaN;NaN;0,02;0,0
54,841;NaN;NaN;0,01;0,0
54,864;NaN;NaN;0,01;0,0
54,891;NaN;NaN;0,01;0,0
54,950;NaN;NaN;0,01;0,0
54,987;NaN;NaN;0,01;0,0
55,021;NaN;NaN;0,01;0,0
55,047;NaN;NaN;0,01;0,0
55,085;NaN;NaN;0,01;0,0
55,125;NaN;NaN;0,01;0,0
55,167;NaN;NaN;0,01;0,0
55,199;NaN;NaN;0,01;0,0
55,232;NaN;NaN;0,01;0,0
55,259;NaN;NaN;0,01;0,0
55,292;NaN;NaN;0,01;0,0
55,325;NaN;NaN;0,01;0,0
55,360;NaN;NaN;0,01;0,0
55,408;NaN;NaN;0,01;0,0
55,460;NaN;NaN;0,01;0,0
55,498;NaN;NaN;0,01;0,0
55,517;NaN;NaN;0,01;0,0
55,540;NaN;NaN;0,01;0,0
55,571;NaN;NaN;0,01;0,0
55,597;NaN;NaN;0,01;0,0
55,640;NaN;NaN;0,01;0,0
55,669;NaN;NaN;0,01;0,0
55,710;NaN;NaN;0,01;0,0
55,764;NaN;NaN;0,01;0,0
55,802;NaN;NaN;0,01;0,0
55,831;NaN;NaN;0,01;0,0
55,877;NaN;NaN;0,01;0,0
55,915;NaN;NaN;0,01;0,0
55,943;NaN;NaN;0,01;0,0
55,987;NaN;NaN;0,01;0,0
56,023;NaN;NaN;0,01;0,0
56,064;NaN;NaN;0,01;0,0
56,101;NaN;NaN;0,01;0,0
56,145;NaN;NaN;0,01;0,0
56,187;NaN;NaN;0,01;0,0
56,228;NaN;NaN;0,01;0,0
56,270;NaN;NaN;0,01;0,0
56,303;NaN;NaN;0,01;0,0
56,339;NaN;NaN;0,01;0,0
56,375;NaN;NaN;0,01;0,0
56,414;NaN;NaN;0,01;0,0
56,449;NaN;NaN;0,01;0,0
56,485;NaN;NaN;0,01;0,0
56,517;NaN;NaN;0,01;0,0
56,549;NaN;NaN;0,01;0,0
56,588;NaN;NaN;0,01;0,0
56,633;NaN;NaN;0,01;0,0
56,668;NaN;NaN;0,01;0,0
56,715;NaN;NaN;0,01;0,0
56,750;NaN;NaN;0,01;0,0
56,772;NaN;NaN;0,02;0,0
56,804;NaN;NaN;0,01;0,0
56,843;NaN;NaN;0,01;0,0
56,897;NaN;NaN;0,01;0,0
56,940;NaN;NaN;0,01;0,0
56,973;NaN;NaN;0,01;0,0
57,018;NaN;NaN;0,01;0,0
57,050;NaN;NaN;0,01;0,0
57,090;NaN;NaN;0,01;0,0
57,125;NaN;NaN;0,01;0,1
57,153;NaN;NaN;0,01;0,1
57,182;NaN;NaN;0,01;0,1
57,218;NaN;NaN;0,01;0,0
57,249;NaN;NaN;0,01;0,0
57,271;NaN;NaN;0,01;0,0
57,300;NaN;NaN;0,01;0,0
57,307;NaN;NaN;0,01;0,0
57,369;NaN;NaN;0,01;0,0
57,404;NaN;NaN;0,01;0,0
57,436;NaN;NaN;0,01;0,0
57,465;NaN;NaN;0,01;0,0
57,521;NaN;NaN;0,01;0,0
57,551;NaN;NaN;0,01;0,0
57,582;NaN;NaN;0,01;0,0
57,623;NaN;NaN;0,01;0,0
57,652;NaN;NaN;0,01;0,0
57,702;NaN;NaN;0,01;0,0
57,731;NaN;NaN;0,01;0,0
57,774;NaN;NaN;0,01;0,0
57,796;NaN;NaN;0,01;0,0
57,831;NaN;NaN;0,01;0,0
57,856;NaN;NaN;0,01;0,0
57,883;NaN;NaN;0,01;0,0
57,915;NaN;NaN;0,01;0,0
57,923;NaN;NaN;0,01;0,0
57,993;NaN;NaN;0,01;0,0
58,022;NaN;NaN;0,01;0,0
58,071;NaN;NaN;0,01;0,0
58,104;NaN;NaN;0,01;0,0
58,141;NaN;NaN;0,01;0,0
58,168;NaN;NaN;0,01;0,0
58,203;NaN;NaN;0,01;0,0
58,229;NaN;NaN;0,01;0,0
58,258;NaN;NaN;0,01;0,0
58,291;NaN;NaN;0,01;0,0
58,332;NaN;NaN;0,01;0,0
58,367;NaN;NaN;0,01;0,0
58,391;NaN;NaN;0,01;0,0
58,419;NaN;NaN;0,01;0,0
58,452;NaN;NaN;0,01;0,0
58,492;NaN;NaN;0,01;0,0
58,518;NaN;NaN;0,01;0,0
58,546;NaN;NaN;0,01;0,0
58,576;NaN;NaN;0,01;0,0
58,601;NaN;NaN;0,01;0,0
58,645;NaN;NaN;0,01;0,0
58,682;NaN;NaN;0,01;0,0
58,710;NaN;NaN;0,01;0,0
58,743;NaN;NaN;0,01;0,0
58,793;NaN;NaN;0,01;0,0
58,822;NaN;NaN;0,01;0,0
58,866;NaN;NaN;0,01;0,0
58,894;NaN;NaN;0,01;0,0
58,925;NaN;NaN;0,01;0,0
58,963;NaN;NaN;0,01;0,0
59,002;NaN;NaN;0,01;0,0
59,038;NaN;NaN;0,01;0,0
59,050;NaN;NaN;0,01;0,0
59,094;NaN;NaN;0,01;0,0
59,130;NaN;NaN;0,01;0,0
59,156;NaN;NaN;0,01;0,0
59,194;NaN;NaN;0,01;0,0
59,233;NaN;NaN;0,01;0,0
59,262;NaN;NaN;0,01;0,0
59,303;NaN;NaN;0,01;0,0
59,330;NaN;NaN;0,01;0,0
59,363;NaN;NaN;0,01;0,0
59,395;NaN;NaN;0,01;0,0
59,427;NaN;NaN;0,01;0,0
59,466;NaN;NaN;0,01;0,0
59,504;NaN;NaN;0,01;0,0
59,536;NaN;NaN;0,01;0,0
59,565;NaN;NaN;0,01;0,0
59,611;NaN;NaN;0,01;0,0
59,645;NaN;NaN;0,01;0,0
59,675;NaN;NaN;0,01;0,0
59,726;NaN;NaN;0,01;0,0
59,765;NaN;NaN;0,01;0,0
59,795;NaN;NaN;0,01;0,0
59,823;NaN;NaN;0,01;0,0
59,852;NaN;NaN;0,01;0,0
59,884;NaN;NaN;0,01;0,0
59,916;NaN;NaN;0,01;0,0
59,943;NaN;NaN;0,01;0,0
59,969;NaN;NaN;0,01;0,0
59,997;NaN;NaN;0,01;0,0
60,031;NaN;NaN;0,01;0,0
60,058;NaN;NaN;0,01;0,0
60,103;NaN;NaN;0,01;0,0
60,130;NaN;NaN;0,01;0,0
60,159;NaN;NaN;0,01;0,0
60,198;NaN;NaN;0,01;0,0
60,234;NaN;NaN;0,01;0,0
60,269;NaN;NaN;0,01;0,0
60,298;NaN;NaN;0,01;0,0
60,342;NaN;NaN;0,01;0,0
60,384;NaN;NaN;0,01;0,0
60,420;NaN;NaN;0,01;0,0
60,453;NaN;NaN;0,01;0,0
60,498;NaN;NaN;0,01;0,0
60,525;NaN;NaN;0,01;0,0
60,562;NaN;NaN;0,01;0,0
60,586;NaN;NaN;0,01;0,0
60,611;NaN;NaN;0,01;0,0
60,639;NaN;NaN;0,01;0,0
60,673;NaN;NaN;0,01;0,0
60,713;NaN;NaN;0,01;0,0
60,748;NaN;NaN;0,01;0,0
60,775;NaN;NaN;0,01;0,0
60,825;NaN;NaN;0,01;0,0
60,866;NaN;NaN;0,01;0,0
60,891;NaN;NaN;0,01;0,0
60,900;NaN;NaN;0,01;0,0
60,940;NaN;NaN;0,01;0,0
60,983;NaN;NaN;0,01;0,0
61,009;NaN;NaN;0,01;0,0
61,043;NaN;NaN;0,01;0,0
61,089;NaN;NaN;0,01;0,0
61,117;NaN;NaN;0,01;0,0
61,141;NaN;NaN;0,01;0,0
61,174;NaN;NaN;0,01;0,0
61,209;NaN;NaN;0,01;0,0
61,247;NaN;NaN;0,01;0,0
61,274;NaN;NaN;0,01;0,0
61,307;NaN;NaN;0,01;0,0
61,358;NaN;NaN;0,01;0,0
61,394;NaN;NaN;0,01;0,0
61,419;NaN;NaN;0,01;0,0
61,448;NaN;NaN;0,01;0,0
61,474;NaN;NaN;0,01;0,0
61,512;NaN;NaN;0,01;0,0
61,534;NaN;NaN;0,01;0,0
61,555;NaN;NaN;0,01;0,0
61,586;NaN;NaN;0,01;0,0
61,592;NaN;NaN;0,01;0,0
61,635;NaN;NaN;0,01;0,0
61,673;NaN;NaN;0,01;0,0
61,709;NaN;NaN;0,01;0,0
61,734;NaN;NaN;0,01;0,1
61,776;NaN;NaN;0,01;0,1
61,805;NaN;NaN;0,01;0,0
61,857;NaN;NaN;0,01;0,0
61,889;NaN;NaN;0,01;0,0
61,920;NaN;NaN;0,01;0,0
61,932;NaN;NaN;0,01;0,0
61,994;NaN;NaN;0,01;0,0
62,016;NaN;NaN;0,01;0,0
62,065;NaN;NaN;0,01;0,0
62,093;NaN;NaN;0,01;0,0
62,136;NaN;NaN;0,01;0,0
62,169;NaN;NaN;0,01;0,0
62,197;NaN;NaN;0,01;0,0
62,236;NaN;NaN;0,01;0,0
62,264;NaN;NaN;0,01;0,0
62,306;NaN;NaN;0,01;0,0
62,333;NaN;NaN;0,01;0,0
62,374;NaN;NaN;0,01;0,0
62,384;NaN;NaN;0,01;0,0
62,424;NaN;NaN;0,01;0,0
62,456;NaN;NaN;0,01;0,0
62,499;NaN;NaN;0,01;0,0
62,527;NaN;NaN;0,01;0,0
62,568;NaN;NaN;0,01;0,0
62,608;NaN;NaN;0,01;0,0
62,643;NaN;NaN;0,01;0,0
62,675;NaN;NaN;0,01;0,0
62,712;NaN;NaN;0,01;0,0
62,742;NaN;NaN;0,01;0,0
62,799;NaN;NaN;0,01;0,0
62,828;NaN;NaN;0,01;0,0
62,852;NaN;NaN;0,01;0,0
62,885;NaN;NaN;0,01;0,0
62,921;NaN;NaN;0,01;0,0
62,959;NaN;NaN;0,01;0,0
62,982;NaN;NaN;0,01;0,0
63,008;NaN;NaN;0,01;0,0
63,048;NaN;NaN;0,01;0,0
63,075;NaN;NaN;0,01;0,0
63,103;NaN;NaN;0,01;0,0
63,138;NaN;NaN;0,01;0,0
63,163;NaN;NaN;0,01;0,0
63,181;NaN;NaN;0,01;0,0
63,218;NaN;NaN;0,01;0,0
63,252;NaN;NaN;0,01;0,0
63,300;NaN;NaN;0,01;0,0
63,338;NaN;NaN;0,01;0,0
63,373;NaN;NaN;0,01;0,0
63,400;NaN;NaN;0,01;0,0
63,433;NaN;NaN;0,01;0,0
63,459;NaN;NaN;0,01;0,0
63,476;NaN;NaN;0,01;0,0
63,510;NaN;NaN;0,01;0,0
63,552;NaN;NaN;0,01;0,0
63,597;NaN;NaN;0,01;0,0
63,625;NaN;NaN;0,01;0,0
63,663;NaN;NaN;0,01;0,0
63,703;NaN;NaN;0,01;0,0
63,735;NaN;NaN;0,01;0,0
63,781;NaN;NaN;0,01;0,0
63,813;NaN;NaN;0,01;0,0
63,841;NaN;NaN;0,01;0,0
63,867;NaN;NaN;0,01;0,0
63,891;NaN;NaN;0,01;0,0
63,919;NaN;NaN;0,01;0,0
63,937;NaN;NaN;0,01;0,0
63,984;NaN;NaN;0,01;0,0
64,013;NaN;NaN;0,01;0,0
64,057;NaN;NaN;0,01;0,0
64,096;NaN;NaN;0,01;0,0
64,115;NaN;NaN;0,01;0,0
64,144;NaN;NaN;0,01;0,0
64,177;NaN;NaN;0,01;0,0
64,211;NaN;NaN;0,01;0,0
64,223;NaN;NaN;0,01;0,0
64,265;NaN;NaN;0,01;0,0
64,298;NaN;NaN;0,01;0,0
64,340;NaN;NaN;0,01;0,0
64,373;NaN;NaN;0,01;0,0
64,412;NaN;NaN;0,01;0,0
64,432;NaN;NaN;0,01;0,0
64,450;NaN;NaN;0,01;0,0
64,470;NaN;NaN;0,01;0,0
64,516;NaN;NaN;0,02;0,0
64,565;NaN;NaN;0,02;0,0
64,609;NaN;NaN;0,01;0,0
64,639;NaN;NaN;0,01;0,0
64,673;NaN;NaN;0,01;0,0
64,713;NaN;NaN;0,01;0,0
64,747;NaN;NaN;0,01;0,0
64,798;NaN;NaN;0,01;0,0
64,832;NaN;NaN;0,01;0,0
64,863;NaN;NaN;0,01;0,0
64,893;NaN;NaN;0,01;0,0
64,920;NaN;NaN;0,01;0,0
64,939;NaN;NaN;0,01;0,0
64,962;NaN;NaN;0,01;0,0
64,985;NaN;NaN;0,01;0,0
65,020;NaN;NaN;0,01;0,0
65,060;NaN;NaN;0,01;0,0
65,111;NaN;NaN;0,01;0,0
65,164;NaN;NaN;0,01;0,0
65,204;NaN;NaN;0,01;0,0
65,241;NaN;NaN;0,01;0,0
65,281;NaN;NaN;0,01;0,0
65,319;NaN;NaN;0,01;0,0
65,366;NaN;NaN;0,01;0,0
65,407;NaN;NaN;0,01;0,0
65,444;NaN;NaN;0,01;0,0
65,469;NaN;NaN;0,01;0,0
65,528;NaN;NaN;0,01;0,0
65,566;NaN;NaN;0,01;0,0
65,594;NaN;NaN;0,01;0,0
65,632;NaN;NaN;0,01;0,0
65,679;NaN;NaN;0,01;0,0
65,706;NaN;NaN;0,01;0,0
65,748;NaN;NaN;0,01;0,0
65,783;NaN;NaN;0,01;0,0
65,830;NaN;NaN;0,01;0,0
65,856;NaN;NaN;0,01;0,0
65,880;NaN;NaN;0,01;0,0
65,906;NaN;NaN;0,01;0,0
65,927;NaN;NaN;0,01;0,0
65,997;NaN;NaN;0,01;0,0
66,030;NaN;NaN;0,01;0,0
66,068;NaN;NaN;0,01;0,0
66,102;NaN;NaN;0,01;0,0
66,136;NaN;NaN;0,01;0,0
66,158;NaN;NaN;0,02;0,0
66,172;NaN;NaN;0,01;0,0
66,215;NaN;NaN;0,01;0,0
66,240;NaN;NaN;0,01;0,0
66,279;NaN;NaN;0,01;0,1
66,313;NaN;NaN;0,01;0,1
66,320;NaN;NaN;0,01;0,0
66,358;NaN;NaN;0,01;0,0
66,397;NaN;NaN;0,01;0,0
66,420;NaN;NaN;0,01;0,0
66,460;NaN;NaN;0,01;0,0
66,486;NaN;NaN;0,01;0,0
66,513;NaN;NaN;0,01;0,0
66,567;NaN;NaN;0,01;0,0
66,613;NaN;NaN;0,01;0,0
66,646;NaN;NaN;0,01;0,0
66,670;NaN;NaN;0,01;0,0
66,702;NaN;NaN;0,01;0,0
66,738;NaN;NaN;0,01;0,0
66,780;NaN;NaN;0,01;0,0
66,825;NaN;NaN;0,01;0,0
66,857;NaN;NaN;0,01;0,0
66,886;NaN;NaN;0,01;0,0
66,911;NaN;NaN;0,01;0,0
66,941;NaN;NaN;0,01;0,1
66,968;NaN;NaN;0,01;0,0
67,012;NaN;NaN;0,01;0,0
67,064;NaN;NaN;0,01;0,0
67,109;NaN;NaN;0,01;0,0
67,146;NaN;NaN;0,01;0,0
67,177;NaN;NaN;0,01;0,0
67,222;NaN;NaN;0,01;0,0
67,249;NaN;NaN;0,01;0,0
67,279;NaN;NaN;0,01;0,0
67,310;NaN;NaN;0,01;0,0
67,342;NaN;NaN;0,01;0,0
67,379;NaN;NaN;0,01;0,0
67,406;NaN;NaN;0,01;0,0
67,447;NaN;NaN;0,01;0,0
67,483;NaN;NaN;0,01;0,0
67,508;NaN;NaN;0,01;0,0
67,540;NaN;NaN;0,01;0,0
67,577;NaN;NaN;0,01;0,0
67,614;NaN;NaN;0,01;0,0
67,642;NaN;NaN;0,01;0,1
67,685;NaN;NaN;0,01;0,0
67,721;NaN;NaN;0,01;0,0
67,760;NaN;NaN;0,01;0,0
67,787;NaN;NaN;0,01;0,0
67,823;NaN;NaN;0,01;0,0
67,870;NaN;NaN;0,01;0,0
67,896;NaN;NaN;0,01;0,0
67,946;NaN;NaN;0,01;0,0
67,988;NaN;NaN;0,01;0,0
68,021;NaN;NaN;0,01;0,0
68,075;NaN;NaN;0,01;0,0
68,116;NaN;NaN;0,01;0,0
68,155;NaN;NaN;0,01;0,0
68,207;NaN;NaN;0,01;0,0
68,250;NaN;NaN;0,01;0,0
68,296;NaN;NaN;0,01;0,0
68,326;NaN;NaN;0,01;0,0
68,378;NaN;NaN;0,01;0,0
68,420;NaN;NaN;0,01;0,0
68,461;NaN;NaN;0,01;0,0
68,502;NaN;NaN;0,01;0,0
68,528;NaN;NaN;0,01;0,0
68,564;NaN;NaN;0,01;0,0
68,605;NaN;NaN;0,01;0,0
68,641;NaN;NaN;0,01;0,0
68,665;NaN;NaN;0,01;0,0
68,700;NaN;NaN;0,01;0,0
68,723;NaN;NaN;0,01;0,0
68,766;NaN;NaN;0,01;0,0
68,813;NaN;NaN;0,01;0,0
68,842;NaN;NaN;0,01;0,0
68,873;NaN;NaN;0,01;0,0
68,913;NaN;NaN;0,01;0,0
68,937;NaN;NaN;0,01;0,0
68,975;NaN;NaN;0,01;0,0
69,004;NaN;NaN;0,01;0,0
69,029;NaN;NaN;0,01;0,1
69,076;NaN;NaN;0,01;0,0
69,118;NaN;NaN;0,01;0,0
69,164;NaN;NaN;0,01;0,0
69,191;NaN;NaN;0,01;0,0
69,241;NaN;NaN;0,01;0,0
69,277;NaN;NaN;0,01;0,0
69,320;NaN;NaN;0,01;0,0
69,352;NaN;NaN;0,01;0,0
69,386;NaN;NaN;0,01;0,0
69,424;NaN;NaN;0,01;0,0
69,464;NaN;NaN;0,01;0,0
69,490;NaN;NaN;0,01;0,0
69,524;NaN;NaN;0,01;0,0
69,556;NaN;NaN;0,01;0,0
69,593;NaN;NaN;0,01;0,0
69,625;NaN;NaN;0,01;0,0
69,670;NaN;NaN;0,01;0,0
69,701;NaN;NaN;0,01;0,0
69,740;NaN;NaN;0,01;0,0
69,788;NaN;NaN;0,01;0,0
69,828;NaN;NaN;0,01;0,0
69,859;NaN;NaN;0,01;0,0
69,913;NaN;NaN;0,01;0,0
69,937;NaN;NaN;0,01;0,0
69,985;NaN;NaN;0,01;0,0
70,012;NaN;NaN;0,01;0,0
70,046;NaN;NaN;0,01;0,0
70,090;NaN;NaN;0,01;0,0
70,142;NaN;NaN;0,01;0,0
70,181;NaN;NaN;0,01;0,0
70,217;NaN;NaN;0,01;0,0
70,262;NaN;NaN;0,01;0,0
70,291;NaN;NaN;0,01;0,0
70,334;NaN;NaN;0,01;0,0
70,378;NaN;NaN;0,01;0,0
70,409;NaN;NaN;0,01;0,0
70,449;NaN;NaN;0,01;0,0
70,496;NaN;NaN;0,01;0,0
70,533;NaN;NaN;0,01;0,0
70,563;NaN;NaN;0,01;0,0
70,604;NaN;NaN;0,01;0,0
70,641;NaN;NaN;0,01;0,0
70,691;NaN;NaN;0,01;0,0
70,731;NaN;NaN;0,01;0,0
70,771;NaN;NaN;0,01;0,0
70,824;NaN;NaN;0,01;0,0
70,867;NaN;NaN;0,01;0,0
70,897;NaN;NaN;0,01;0,0
70,929;NaN;NaN;0,01;0,0
70,978;NaN;NaN;0,01;0,0
71,029;NaN;NaN;0,01;0,0
71,055;NaN;NaN;0,01;0,0
71,105;NaN;NaN;0,01;0,0
71,163;NaN;NaN;0,01;0,0
71,203;NaN;NaN;0,01;0,0
71,232;NaN;NaN;0,01;0,0
71,259;NaN;NaN;0,01;0,0
71,283;NaN;NaN;0,01;0,0
71,313;NaN;NaN;0,01;0,0
71,346;NaN;NaN;0,01;0,0
71,372;NaN;NaN;0,01;0,0
71,392;NaN;NaN;0,01;0,0
71,436;NaN;NaN;0,01;0,0
71,467;NaN;NaN;0,01;0,0
71,496;NaN;NaN;0,01;0,0
71,531;NaN;NaN;0,01;0,0
71,570;NaN;NaN;0,01;0,0
71,611;NaN;NaN;0,01;0,0
71,646;NaN;NaN;0,01;0,0
71,672;NaN;NaN;0,01;0,0
71,705;NaN;NaN;0,01;0,0
71,732;NaN;NaN;0,01;0,0
71,789;NaN;NaN;0,01;0,0
71,833;NaN;NaN;0,01;0,0
71,879;NaN;NaN;0,01;0,0
71,912;NaN;NaN;0,01;0,0
71,942;NaN;NaN;0,01;0,0
71,981;NaN;NaN;0,01;0,0
72,005;NaN;NaN;0,01;0,0
72,033;NaN;NaN;0,01;0,0
72,061;NaN;NaN;0,01;0,0
72,093;NaN;NaN;0,01;0,0
72,130;NaN;NaN;0,01;0,0
72,150;NaN;NaN;0,01;0,0
72,181;NaN;NaN;0,01;0,0
72,204;NaN;NaN;0,01;0,0
72,228;NaN;NaN;0,01;0,0
72,273;NaN;NaN;0,01;0,0
72,312;NaN;NaN;0,01;0,0
72,347;NaN;NaN;0,01;0,0
72,382;NaN;NaN;0,01;0,0
72,415;NaN;NaN;0,01;0,0
72,444;NaN;NaN;0,01;0,0
72,468;NaN;NaN;0,01;0,0
72,487;NaN;NaN;0,01;0,0
72,508;NaN;NaN;0,01;0,0
72,573;NaN;NaN;0,01;0,0
72,616;NaN;NaN;0,01;0,0
72,650;NaN;NaN;0,01;0,0
72,684;NaN;NaN;0,01;0,0
72,703;NaN;NaN;0,01;0,0
72,729;NaN;NaN;0,01;0,0
72,764;NaN;NaN;0,01;0,0
72,821;NaN;NaN;0,01;0,0
72,858;NaN;NaN;0,01;0,0
72,897;NaN;NaN;0,01;0,0
72,923;NaN;NaN;0,01;0,0
72,945;NaN;NaN;0,01;0,0
72,968;NaN;NaN;0,01;0,0
72,988;NaN;NaN;0,01;0,0
73,002;NaN;NaN;0,01;0,0
73,065;NaN;NaN;0,01;0,0
73,102;NaN;NaN;0,01;0,0
73,163;NaN;NaN;0,01;0,0
73,204;NaN;NaN;0,01;0,0
73,235;NaN;NaN;0,01;0,0
73,262;NaN;NaN;0,01;0,0
73,297;NaN;NaN;0,01;0,0
73,323;NaN;NaN;0,01;0,0
73,347;NaN;NaN;0,01;0,0
73,378;NaN;NaN;0,01;0,0
73,423;NaN;NaN;0,01;0,0
73,462;NaN;NaN;0,01;0,0
73,482;NaN;NaN;0,01;0,0
73,509;NaN;NaN;0,01;0,0
73,536;NaN;NaN;0,01;0,0
73,572;NaN;NaN;0,01;0,0
73,596;NaN;NaN;0,01;0,0
73,622;NaN;NaN;0,01;0,0
73,653;NaN;NaN;0,01;0,0
73,687;NaN;NaN;0,01;0,0
73,727;NaN;NaN;0,01;0,0
73,778;NaN;NaN;0,01;0,0
73,832;NaN;NaN;0,01;0,0
73,874;NaN;NaN;0,01;0,0
73,903;NaN;NaN;0,01;0,0
73,933;NaN;NaN;0,01;0,0
73,954;NaN;NaN;0,01;0,0
73,985;NaN;NaN;0,01;0,0
74,012;NaN;NaN;0,01;0,0
74,037;NaN;NaN;0,01;0,0
74,072;NaN;NaN;0,01;0,0
74,101;NaN;NaN;0,01;0,0
74,126;NaN;NaN;0,01;0,0
74,175;NaN;NaN;0,01;0,0
74,210;NaN;NaN;0,01;0,0
74,238;NaN;NaN;0,01;0,0
74,261;NaN;NaN;0,01;0,0
74,305;NaN;NaN;0,01;0,0
74,335;NaN;NaN;0,01;0,0
74,359;NaN;NaN;0,01;0,0
74,396;NaN;NaN;0,01;0,0
74,421;NaN;NaN;0,01;0,0
74,450;NaN;NaN;0,01;0,0
74,490;NaN;NaN;0,01;0,0
74,519;NaN;NaN;0,01;0,0
74,560;NaN;NaN;0,01;0,0
74,618;NaN;NaN;0,01;0,0
74,656;NaN;NaN;0,01;0,0
74,686;NaN;NaN;0,01;0,0
74,722;NaN;NaN;0,01;0,0
74,756;NaN;NaN;0,01;0,0
74,788;NaN;NaN;0,01;0,0
74,826;NaN;NaN;0,01;0,0
74,857;NaN;NaN;0,01;0,0
74,910;NaN;NaN;0,01;0,0
74,937;NaN;NaN;0,01;0,0
74,969;NaN;NaN;0,01;0,0
75,001;NaN;NaN;0,01;0,0
75,029;NaN;NaN;0,01;0,0
75,057;NaN;NaN;0,01;0,0
75,097;NaN;NaN;0,01;0,0
75,147;NaN;NaN;0,01;0,0
75,189;NaN;NaN;0,01;0,0
75,232;NaN;NaN;0,01;0,0
75,273;NaN;NaN;0,01;0,0
75,306;NaN;NaN;0,01;0,0
75,333;NaN;NaN;0,01;0,0
75,362;NaN;NaN;0,01;0,0
75,406;NaN;NaN;0,01;0,0
75,435;NaN;NaN;0,01;0,0
75,460;NaN;NaN;0,01;0,0
75,484;NaN;NaN;0,01;0,0
75,522;NaN;NaN;0,01;0,0
75,562;NaN;NaN;0,01;0,0
75,596;NaN;NaN;0,01;0,0
75,646;NaN;NaN;0,01;0,0
75,672;NaN;NaN;0,01;0,0
75,698;NaN;NaN;0,01;0,0
75,743;NaN;NaN;0,01;0,0
75,781;NaN;NaN;0,01;0,0
75,817;NaN;NaN;0,01;0,0
75,868;NaN;NaN;0,01;0,0
75,899;NaN;NaN;0,01;0,0
75,928;NaN;NaN;0,01;0,0
75,990;NaN;NaN;0,01;0,0
76,030;NaN;NaN;0,01;0,0
76,056;NaN;NaN;0,01;0,0
76,092;NaN;NaN;0,01;0,0
76,122;NaN;NaN;0,01;0,0
76,153;NaN;NaN;0,01;0,0
76,195;NaN;NaN;0,01;0,0
76,224;NaN;NaN;0,01;0,0
76,268;NaN;NaN;0,01;0,0
76,295;NaN;NaN;0,01;0,0
76,325;NaN;NaN;0,01;0,0
76,352;NaN;NaN;0,01;0,0
76,389;NaN;NaN;0,01;0,0
76,425;NaN;NaN;0,01;0,0
76,451;NaN;NaN;0,01;0,0
76,485;NaN;NaN;0,01;0,0
76,518;NaN;NaN;0,01;0,0
76,544;NaN;NaN;0,01;0,0
76,574;NaN;NaN;0,01;0,0
76,599;NaN;NaN;0,01;0,0
76,643;NaN;NaN;0,01;0,0
76,689;NaN;NaN;0,01;0,0
76,734;NaN;NaN;0,01;0,0
76,778;NaN;NaN;0,01;0,0
76,826;NaN;NaN;0,02;0,0
76,864;NaN;NaN;0,01;0,0
76,897;NaN;NaN;0,01;0,0
76,925;NaN;NaN;0,01;0,0
76,972;NaN;NaN;0,01;0,0
77,025;NaN;NaN;0,01;0,0
77,055;NaN;NaN;0,01;0,0
77,116;NaN;NaN;0,01;0,0
77,151;NaN;NaN;0,01;0,0
77,187;NaN;NaN;0,01;0,0
77,229;NaN;NaN;0,01;0,0
77,255;NaN;NaN;0,01;0,0
77,292;NaN;NaN;0,01;0,2
77,331;NaN;NaN;0,01;0,0
77,367;NaN;NaN;0,01;0,0
77,393;NaN;NaN;0,01;0,0
77,426;NaN;NaN;0,01;0,0
77,463;NaN;NaN;0,01;0,0
77,513;NaN;NaN;0,01;0,0
77,533;NaN;NaN;0,01;0,0
77,560;NaN;NaN;0,01;0,0
77,591;NaN;NaN;0,01;0,0
77,634;NaN;NaN;0,01;0,0
77,668;NaN;NaN;0,01;0,0
77,708;NaN;NaN;0,01;0,0
77,723;NaN;NaN;0,01;0,0
77,780;NaN;NaN;0,01;0,0
77,829;NaN;NaN;0,01;0,0
77,869;NaN;NaN;0,01;0,0
77,903;NaN;NaN;0,01;0,0
77,938;NaN;NaN;0,01;0,0
77,961;NaN;NaN;0,01;0,0
77,985;NaN;NaN;0,01;0,0
78,012;NaN;NaN;0,01;0,0
78,041;NaN;NaN;0,01;0,0
78,066;NaN;NaN;0,01;0,0
78,085;NaN;NaN;0,01;0,0
78,110;NaN;NaN;0,01;0,0
78,134;NaN;NaN;0,01;0,0
78,159;NaN;NaN;0,01;0,0
78,194;NaN;NaN;0,01;0,0
78,221;NaN;NaN;0,01;0,0
78,281;NaN;NaN;0,01;0,0
78,316;NaN;NaN;0,01;0,0
78,341;NaN;NaN;0,01;0,0
78,369;NaN;NaN;0,01;0,0
78,395;NaN;NaN;0,01;0,0
78,429;NaN;NaN;0,01;0,0
78,456;NaN;NaN;0,01;0,0
78,500;NaN;NaN;0,01;0,0
78,539;NaN;NaN;0,01;0,0
78,574;NaN;NaN;0,01;0,0
78,615;NaN;NaN;0,01;0,0
78,656;NaN;NaN;0,01;0,0
78,697;NaN;NaN;0,01;0,1
78,736;NaN;NaN;0,01;0,0
78,779;NaN;NaN;0,01;0,0
78,813;NaN;NaN;0,01;0,0
78,840;NaN;NaN;0,01;0,0
78,888;NaN;NaN;0,01;0,0
78,918;NaN;NaN;0,01;0,0
78,974;NaN;NaN;0,01;0,0
79,011;NaN;NaN;0,01;0,0
79,038;NaN;NaN;0,01;0,0
79,087;NaN;NaN;0,01;0,0
79,115;NaN;NaN;0,01;0,0
79,153;NaN;NaN;0,01;0,0
79,176;NaN;NaN;0,01;0,0
79,235;NaN;NaN;0,01;0,0
79,280;NaN;NaN;0,01;0,0
79,308;NaN;NaN;0,01;0,0
79,337;NaN;NaN;0,01;0,0
79,368;NaN;NaN;0,01;0,0
79,400;NaN;NaN;0,01;0,0
79,436;NaN;NaN;0,01;0,0
79,467;NaN;NaN;0,01;0,0
79,493;NaN;NaN;0,01;0,0
79,521;NaN;NaN;0,01;0,0
79,569;NaN;NaN;0,01;0,0
79,603;NaN;NaN;0,01;0,0
79,630;NaN;NaN;0,01;0,0
79,664;NaN;NaN;0,01;0,0
79,681;NaN;NaN;0,01;0,0
79,730;NaN;NaN;0,01;0,0
79,780;NaN;NaN;0,01;0,0
79,817;NaN;NaN;0,01;0,0
79,856;NaN;NaN;0,01;0,0
79,905;NaN;NaN;0,01;0,0
79,950;NaN;NaN;0,01;0,0
79,980;NaN;NaN;0,01;0,0
80,010;NaN;NaN;0,01;0,0
80,030;NaN;NaN;0,01;0,0
80,056;NaN;NaN;0,01;0,0
80,098;NaN;NaN;0,01;0,0
80,137;NaN;NaN;0,01;0,0
80,166;NaN;NaN;0,01;0,0
80,200;NaN;NaN;0,01;0,0
80,244;NaN;NaN;0,01;0,0
80,280;NaN;NaN;0,01;0,0
80,332;NaN;NaN;0,01;0,0
80,371;NaN;NaN;0,01;0,0
80,413;NaN;NaN;0,01;0,0
80,457;NaN;NaN;0,01;0,0
80,496;NaN;NaN;0,01;0,0
80,539;NaN;NaN;0,01;0,0
80,567;NaN;NaN;0,01;0,0
80,605;NaN;NaN;0,01;0,0
80,638;NaN;NaN;0,01;0,0
80,674;NaN;NaN;0,01;0,0
80,708;NaN;NaN;0,01;0,0
80,738;NaN;NaN;0,01;0,0
80,764;NaN;NaN;0,01;0,0
80,822;NaN;NaN;0,01;0,0
80,872;NaN;NaN;0,01;0,0
80,916;NaN;NaN;0,01;0,0
80,955;NaN;NaN;0,01;0,0
80,994;NaN;NaN;0,01;0,0
81,022;NaN;NaN;0,01;0,0
81,061;NaN;NaN;0,01;0,0
81,088;NaN;NaN;0,01;0,0
81,115;NaN;NaN;0,01;0,0
81,137;NaN;NaN;0,01;0,0
81,162;NaN;NaN;0,01;0,0
81,190;NaN;NaN;0,01;0,0
81,234;NaN;NaN;0,01;0,0
81,279;NaN;NaN;0,01;0,0
81,311;NaN;NaN;0,01;0,0
81,355;NaN;NaN;0,01;0,0
81,394;NaN;NaN;0,01;0,0
81,426;NaN;NaN;0,01;0,0
81,456;NaN;NaN;0,01;0,0
81,482;NaN;NaN;0,01;0,0
81,525;NaN;NaN;0,01;0,0
81,556;NaN;NaN;0,01;0,0
81,594;NaN;NaN;0,01;0,0
81,633;NaN;NaN;0,01;0,0
81,656;NaN;NaN;0,01;0,0
81,697;NaN;NaN;0,01;0,0
81,746;NaN;NaN;0,01;0,0
81,777;NaN;NaN;0,01;0,0
81,824;NaN;NaN;0,01;0,0
81,877;NaN;NaN;0,01;0,0
81,905;NaN;NaN;0,01;0,0
81,957;NaN;NaN;0,01;0,0
82,005;NaN;NaN;0,01;0,0
82,031;NaN;NaN;0,01;0,0
82,057;NaN;NaN;0,01;0,0
82,093;NaN;NaN;0,01;0,0
82,119;NaN;NaN;0,01;0,0
82,162;NaN;NaN;0,01;0,0
82,203;NaN;NaN;0,01;0,0
82,236;NaN;NaN;0,01;0,0
82,292;NaN;NaN;0,01;0,0
82,338;NaN;NaN;0,01;0,3
82,384;NaN;NaN;0,01;0,0
82,428;NaN;NaN;0,01;0,0
82,477;NaN;NaN;0,01;0,0
82,506;NaN;NaN;0,01;0,0
82,566;NaN;NaN;0,01;0,0
82,602;NaN;NaN;0,01;0,0
82,641;NaN;NaN;0,02;0,0
82,685;NaN;NaN;0,01;0,0
82,715;NaN;NaN;0,01;0,0
82,759;NaN;NaN;0,01;0,0
82,800;NaN;NaN;0,01;0,0
82,841;NaN;NaN;0,01;0,0
82,895;NaN;NaN;0,01;0,0
82,935;NaN;NaN;0,01;0,0
82,985;NaN;NaN;0,01;0,0
83,013;NaN;NaN;0,01;0,0
83,061;NaN;NaN;0,01;0,0
83,097;NaN;NaN;0,01;0,0
83,128;NaN;NaN;0,01;0,0
83,168;NaN;NaN;0,01;0,0
83,221;NaN;NaN;0,01;0,0
83,262;NaN;NaN;0,01;0,0
83,287;NaN;NaN;0,01;0,0
83,330;NaN;NaN;0,01;0,0
83,387;NaN;NaN;0,01;0,0
83,418;NaN;NaN;0,01;0,0
83,460;NaN;NaN;0,01;0,0
83,508;NaN;NaN;0,01;0,0
83,542;NaN;NaN;0,01;0,0
83,573;NaN;NaN;0,01;0,0
83,599;NaN;NaN;0,01;0,0
83,650;NaN;NaN;0,01;0,0
83,690;NaN;NaN;0,01;0,0
83,724;NaN;NaN;0,01;0,0
83,769;NaN;NaN;0,01;0,0
83,817;NaN;NaN;0,01;0,0
83,863;NaN;NaN;0,01;0,5
83,902;NaN;NaN;0,01;0,0
83,949;NaN;NaN;0,01;0,0
83,986;NaN;NaN;0,01;0,0
84,014;NaN;NaN;0,01;0,0
84,067;NaN;NaN;0,01;0,0
84,106;NaN;NaN;0,01;0,0
84,143;NaN;NaN;0,01;0,0
84,172;NaN;NaN;0,01;0,0
84,212;NaN;NaN;0,01;0,0
84,252;NaN;NaN;0,01;0,0
84,303;NaN;NaN;0,01;1,1
84,331;NaN;NaN;0,01;0,0
84,382;NaN;NaN;0,01;0,0
84,412;NaN;NaN;0,01;0,0
84,440;NaN;NaN;0,01;0,0
84,479;NaN;NaN;0,01;0,0
84,518;NaN;NaN;0,01;0,2
84,568;NaN;NaN;0,01;0,0
84,598;NaN;NaN;0,01;0,0
84,638;NaN;NaN;0,01;0,0
84,698;NaN;NaN;0,01;0,0
84,740;NaN;NaN;0,01;0,0
84,780;NaN;NaN;0,01;0,0
84,818;NaN;NaN;0,01;0,0
84,863;NaN;NaN;0,01;0,0
84,914;NaN;NaN;0,01;0,0
84,943;NaN;NaN;0,01;0,0
85,009;NaN;NaN;0,01;0,0
85,049;NaN;NaN;0,01;0,0
85,081;NaN;NaN;0,14;47,7
85,123;NaN;NaN;0,01;0,1
85,153;NaN;NaN;0,01;0,0
85,190;NaN;NaN;0,01;0,0
85,242;NaN;NaN;0,01;0,0
85,288;NaN;NaN;0,01;0,0
85,332;NaN;NaN;0,01;0,0
85,378;NaN;NaN;0,01;0,0
85,419;NaN;NaN;0,01;0,0
85,463;NaN;NaN;0,01;0,0
85,508;NaN;NaN;0,01;0,1
85,549;NaN;NaN;0,01;0,0
85,594;NaN;NaN;0,01;0,0
85,627;NaN;NaN;0,01;0,0
85,675;NaN;NaN;0,01;0,0
85,701;NaN;NaN;0,01;0,0
85,759;NaN;NaN;0,01;0,0
85,799;NaN;NaN;0,01;0,0
85,849;NaN;NaN;0,01;0,0
85,889;NaN;NaN;0,01;0,0
85,925;NaN;NaN;0,01;0,0
85,966;NaN;NaN;0,01;0,0
85,997;NaN;NaN;0,01;0,0
86,034;NaN;NaN;0,01;0,0
86,060;NaN;NaN;0,01;0,0
86,086;NaN;NaN;0,01;0,0
86,108;NaN;NaN;0,01;0,0
86,140;NaN;NaN;0,01;0,0
86,166;NaN;NaN;0,01;0,0
86,200;NaN;NaN;0,01;0,0
86,253;NaN;NaN;0,01;0,0
86,281;NaN;NaN;0,01;0,0
86,319;NaN;NaN;0,01;0,0
86,358;NaN;NaN;0,01;0,0
86,412;NaN;NaN;0,01;0,0
86,443;NaN;NaN;0,01;0,0
86,484;NaN;NaN;0,01;0,0
86,515;NaN;NaN;0,01;0,0
86,567;NaN;NaN;0,01;0,1
86,606;NaN;NaN;0,01;0,0
86,646;NaN;NaN;0,01;0,0
86,680;NaN;NaN;0,01;0,0
86,722;NaN;NaN;0,01;0,0
86,750;NaN;NaN;0,01;0,0
86,792;NaN;NaN;0,01;0,0
86,840;NaN;NaN;0,01;0,0
86,891;NaN;NaN;0,01;0,0
86,920;NaN;NaN;0,01;0,0
86,967;NaN;NaN;0,01;0,1
87,008;NaN;NaN;0,01;0,0
87,034;NaN;NaN;0,01;0,0
87,077;NaN;NaN;0,01;0,0
87,109;NaN;NaN;0,01;0,0
87,136;NaN;NaN;0,01;0,0
87,196;NaN;NaN;0,01;0,0
87,241;NaN;NaN;0,01;0,0
87,282;NaN;NaN;0,01;0,0
87,309;NaN;NaN;0,01;0,0
87,341;NaN;NaN;0,01;0,0
87,370;NaN;NaN;0,01;0,0
87,402;NaN;NaN;0,01;0,0
87,421;NaN;NaN;0,01;0,0
87,470;NaN;NaN;0,01;0,0
87,505;NaN;NaN;0,01;0,0
87,530;NaN;NaN;0,01;0,0
87,567;NaN;NaN;0,01;0,0
87,596;NaN;NaN;0,01;0,0
87,624;NaN;NaN;0,01;0,0
87,645;NaN;NaN;0,01;0,0
87,676;NaN;NaN;0,01;0,0
87,732;NaN;NaN;0,01;0,0
87,784;NaN;NaN;0,01;0,0
87,822;NaN;NaN;0,01;0,0
87,860;NaN;NaN;0,01;0,0
87,899;NaN;NaN;0,01;0,0
87,936;NaN;NaN;0,01;0,0
87,979;NaN;NaN;0,01;0,0
88,006;NaN;NaN;0,01;0,0
88,021;NaN;NaN;0,01;0,0
88,052;NaN;NaN;0,01;0,0
88,073;NaN;NaN;0,01;0,0
88,094;NaN;NaN;0,01;0,0
88,127;NaN;NaN;0,01;0,0
88,148;NaN;NaN;0,01;0,0
88,188;NaN;NaN;0,01;0,0
88,223;NaN;NaN;0,01;0,0
88,272;NaN;NaN;0,01;0,0
88,314;NaN;NaN;0,01;0,0
88,338;NaN;NaN;0,01;0,0
88,372;NaN;NaN;0,01;0,0
88,407;NaN;NaN;0,01;0,0
88,444;NaN;NaN;0,01;0,0
88,471;NaN;NaN;0,01;0,0
88,499;NaN;NaN;0,01;0,0
88,538;NaN;NaN;0,01;0,0
88,574;NaN;NaN;0,01;0,0
88,611;NaN;NaN;0,01;0,0
88,649;NaN;NaN;0,01;0,0
88,682;NaN;NaN;0,01;0,0
88,710;NaN;NaN;0,01;0,0
88,740;NaN;NaN;0,01;0,0
88,770;NaN;NaN;0,01;0,0
88,809;NaN;NaN;0,01;0,0
88,845;NaN;NaN;0,01;0,0
88,892;NaN;NaN;0,01;0,0
88,934;NaN;NaN;0,01;0,0
88,961;NaN;NaN;0,01;0,0
89,001;NaN;NaN;0,01;0,0
89,020;NaN;NaN;0,01;0,0
89,056;NaN;NaN;0,01;0,0
89,086;NaN;NaN;0,01;0,0
89,097;NaN;NaN;0,01;0,0
89,133;NaN;NaN;0,01;0,0
89,157;NaN;NaN;0,01;0,0
89,172;NaN;NaN;0,01;0,0
89,239;NaN;NaN;0,01;0,0
89,267;NaN;NaN;0,01;0,0
89,295;NaN;NaN;0,01;0,0
89,303;NaN;NaN;0,01;0,0
89,338;NaN;NaN;0,01;0,0
89,399;NaN;NaN;0,01;0,1
89,442;NaN;NaN;0,01;0,1
89,452;NaN;NaN;0,01;0,0
89,494;NaN;NaN;0,01;0,0
89,525;NaN;NaN;0,01;0,0
89,576;NaN;NaN;0,01;0,0
89,612;NaN;NaN;0,01;0,0
89,639;NaN;NaN;0,01;0,0
89,674;NaN;NaN;0,01;0,0
89,711;NaN;NaN;0,01;0,0
89,748;NaN;NaN;0,01;0,0
89,778;NaN;NaN;0,01;0,0
89,806;NaN;NaN;0,01;0,0
89,832;NaN;NaN;0,01;0,0
89,875;NaN;NaN;0,01;0,0
89,905;NaN;NaN;0,01;0,0
89,951;NaN;NaN;0,01;0,0
89,997;NaN;NaN;0,02;0,0
90,035;NaN;NaN;0,02;0,0
90,062;NaN;NaN;0,01;0,0
90,087;NaN;NaN;0,01;0,0
90,126;NaN;NaN;0,01;0,1
90,168;NaN;NaN;0,01;0,0
90,197;NaN;NaN;0,01;0,0
90,233;NaN;NaN;0,01;0,0
90,275;NaN;NaN;0,01;0,0
90,314;NaN;NaN;0,01;0,1
90,363;NaN;NaN;0,01;0,1
90,389;NaN;NaN;0,01;0,0
90,424;NaN;NaN;0,01;0,0
90,483;NaN;NaN;0,01;0,0
90,518;NaN;NaN;0,01;0,0
90,562;NaN;NaN;0,01;0,0
90,612;NaN;NaN;0,01;0,0
90,649;NaN;NaN;0,01;0,0
90,676;NaN;NaN;0,01;0,0
90,708;NaN;NaN;0,01;0,0
90,736;NaN;NaN;0,01;0,0
90,780;NaN;NaN;0,01;0,0
90,822;NaN;NaN;0,01;0,0
90,853;NaN;NaN;0,01;0,0
90,882;NaN;NaN;0,01;0,0
90,913;NaN;NaN;0,01;0,0
90,951;NaN;NaN;0,01;0,0
90,990;NaN;NaN;0,01;0,0
91,026;NaN;NaN;0,01;0,0
91,063;NaN;NaN;0,01;0,0
91,086;NaN;NaN;0,01;0,0
91,119;NaN;NaN;0,01;0,0
91,145;NaN;NaN;0,01;0,0
91,186;NaN;NaN;0,01;0,0
91,223;NaN;NaN;0,01;0,0
91,264;NaN;NaN;0,01;0,0
91,303;NaN;NaN;0,01;0,0
91,330;NaN;NaN;0,01;0,0
91,381;NaN;NaN;0,01;0,0
91,416;NaN;NaN;0,01;0,0
91,466;NaN;NaN;0,01;0,0
91,495;NaN;NaN;0,01;0,0
91,538;NaN;NaN;0,01;0,0
91,570;NaN;NaN;0,01;0,0
91,620;NaN;NaN;0,01;0,0
91,650;NaN;NaN;0,01;0,0
91,689;NaN;NaN;0,01;0,0
91,727;NaN;NaN;0,02;0,0
91,783;NaN;NaN;0,02;0,0
91,812;NaN;NaN;0,02;0,0
91,839;NaN;NaN;0,01;0,0
91,873;NaN;NaN;0,01;0,0
91,913;NaN;NaN;0,01;0,0
91,962;NaN;NaN;0,01;0,0
91,996;NaN;NaN;0,01;0,0
92,031;NaN;NaN;0,01;0,0
92,058;NaN;NaN;0,01;0,0
92,090;NaN;NaN;0,01;0,0
92,130;NaN;NaN;0,01;0,0
92,154;NaN;NaN;0,01;0,0
92,179;NaN;NaN;0,01;0,0
92,210;NaN;NaN;0,01;0,0
92,237;NaN;NaN;0,01;0,0
92,274;NaN;NaN;0,01;0,0
92,300;NaN;NaN;0,01;0,0
92,327;NaN;NaN;0,01;0,0
92,374;NaN;NaN;0,01;0,0
92,403;NaN;NaN;0,01;0,0
92,442;NaN;NaN;0,01;0,0
92,495;NaN;NaN;0,01;0,0
92,521;NaN;NaN;0,01;0,0
92,566;NaN;NaN;0,01;0,0
92,593;NaN;NaN;0,01;0,0
92,636;NaN;NaN;0,01;0,0
92,666;NaN;NaN;0,01;0,0
92,689;NaN;NaN;0,01;0,0
92,728;NaN;NaN;0,01;0,0
92,767;NaN;NaN;0,01;0,0
92,802;NaN;NaN;0,01;0,0
92,837;NaN;NaN;0,01;0,0
92,872;NaN;NaN;0,01;0,0
92,911;NaN;NaN;0,01;0,0
92,950;NaN;NaN;0,01;0,0
92,998;NaN;NaN;0,01;0,0
93,044;NaN;NaN;0,01;0,0
93,088;NaN;NaN;0,01;0,0
93,117;NaN;NaN;0,01;0,0
93,165;NaN;NaN;0,01;0,0
93,189;NaN;NaN;0,01;0,0
93,229;NaN;NaN;0,01;0,0
93,258;NaN;NaN;0,01;0,0
93,294;NaN;NaN;0,01;0,0
93,323;NaN;NaN;0,01;0,0
93,348;NaN;NaN;0,01;0,0
93,386;NaN;NaN;0,01;0,0
93,445;NaN;NaN;0,01;0,0
93,481;NaN;NaN;0,01;0,0
93,520;NaN;NaN;0,01;0,0
93,549;NaN;NaN;0,01;0,0
93,595;NaN;NaN;0,01;0,0
93,638;NaN;NaN;0,01;0,0
93,680;NaN;NaN;0,01;0,0
93,715;NaN;NaN;0,01;0,0
93,744;NaN;NaN;0,01;0,0
93,779;NaN;NaN;0,01;0,0
93,804;NaN;NaN;0,01;0,0
93,833;NaN;NaN;0,01;0,0
93,876;NaN;NaN;0,01;0,0
93,894;NaN;NaN;0,01;0,0
93,930;NaN;NaN;0,01;0,0
93,955;NaN;NaN;0,01;0,0
94,008;NaN;NaN;0,01;0,0
94,052;NaN;NaN;0,01;0,0
94,084;NaN;NaN;0,01;0,0
94,118;NaN;NaN;0,01;0,3
94,145;NaN;NaN;0,01;0,0
94,183;NaN;NaN;0,01;0,0
94,206;NaN;NaN;0,01;0,0
94,236;NaN;NaN;0,01;0,0
94,265;NaN;NaN;0,01;0,0
94,299;NaN;NaN;0,01;0,0
94,327;NaN;NaN;0,01;0,0
94,358;NaN;NaN;0,01;0,0
94,387;NaN;NaN;0,01;0,0
94,423;NaN;NaN;0,01;0,0
94,456;NaN;NaN;0,01;0,0
94,491;NaN;NaN;0,01;0,0
94,533;NaN;NaN;0,01;0,0
94,566;NaN;NaN;0,01;0,0
94,596;NaN;NaN;0,01;0,0
94,629;NaN;NaN;0,01;0,0
94,678;NaN;NaN;0,01;0,0
94,706;NaN;NaN;0,01;0,0
94,728;NaN;NaN;0,01;0,0
94,765;NaN;NaN;0,01;0,0
94,801;NaN;NaN;0,01;0,0
94,831;NaN;NaN;0,01;0,0
94,855;NaN;NaN;0,01;0,0
94,883;NaN;NaN;0,01;0,0
94,910;NaN;NaN;0,01;0,0
94,946;NaN;NaN;0,01;0,0
94,985;NaN;NaN;0,01;0,0
95,017;NaN;NaN;0,01;0,0
95,043;NaN;NaN;0,01;0,0
95,085;NaN;NaN;0,01;0,0
95,126;NaN;NaN;0,01;0,0
95,157;NaN;NaN;0,01;0,0
95,194;NaN;NaN;0,01;0,0
95,254;NaN;NaN;0,01;0,0
95,294;NaN;NaN;0,01;0,0
95,320;NaN;NaN;0,01;0,0
95,367;NaN;NaN;0,01;0,0
95,416;NaN;NaN;0,01;0,0
95,455;NaN;NaN;0,01;0,0
95,492;NaN;NaN;0,01;0,0
95,529;NaN;NaN;0,01;0,0
95,579;NaN;NaN;0,01;0,0
95,612;NaN;NaN;0,01;0,0
95,637;NaN;NaN;0,01;0,0
95,666;NaN;NaN;0,01;0,0
95,686;NaN;NaN;0,01;0,0
95,724;NaN;NaN;0,01;0,0
95,782;NaN;NaN;0,01;0,0
95,820;NaN;NaN;0,01;0,0
95,849;NaN;NaN;0,01;0,0
95,886;NaN;NaN;0,01;0,0
95,922;NaN;NaN;0,01;0,0
95,955;NaN;NaN;0,01;0,0
95,996;NaN;NaN;0,01;0,0
96,034;NaN;NaN;0,01;0,0
96,072;NaN;NaN;0,01;0,0
96,119;NaN;NaN;0,01;0,0
96,150;NaN;NaN;0,01;0,0
96,179;NaN;NaN;0,01;0,0
96,214;NaN;NaN;0,01;0,0
96,240;NaN;NaN;0,01;0,0
96,271;NaN;NaN;0,01;0,0
96,320;NaN;NaN;0,01;0,0
96,364;NaN;NaN;0,01;0,0
96,391;NaN;NaN;0,01;0,0
96,426;NaN;NaN;0,01;0,0
96,458;NaN;NaN;0,01;0,0
96,494;NaN;NaN;0,01;0,0
96,520;NaN;NaN;0,01;0,0
96,547;NaN;NaN;0,01;0,0
96,576;NaN;NaN;0,01;0,0
96,608;NaN;NaN;0,01;0,0
96,615;NaN;NaN;0,01;0,0
96,654;NaN;NaN;0,01;0,0
96,701;NaN;NaN;0,01;0,0
96,733;NaN;NaN;0,01;0,0
96,767;NaN;NaN;0,01;0,0
96,799;NaN;NaN;0,01;0,0
96,841;NaN;NaN;0,01;0,0
96,873;NaN;NaN;0,01;0,0
96,899;NaN;NaN;0,01;0,0
96,935;NaN;NaN;0,01;0,0
96,965;NaN;NaN;0,01;0,0
97,018;NaN;NaN;0,01;0,0
97,046;NaN;NaN;0,01;0,0
97,095;NaN;NaN;0,01;0,0
97,132;NaN;NaN;0,01;0,0
97,162;NaN;NaN;0,01;0,0
97,197;NaN;NaN;0,01;0,0
97,239;NaN;NaN;0,01;0,0
97,275;NaN;NaN;0,01;0,0
97,320;NaN;NaN;0,01;0,0
97,350;NaN;NaN;0,01;0,0
97,398;NaN;NaN;0,01;0,0
97,444;NaN;NaN;0,01;0,0
97,483;NaN;NaN;0,01;0,0
97,508;NaN;NaN;0,01;0,0
97,559;NaN;NaN;0,01;0,0
97,604;NaN;NaN;0,01;0,0
97,645;NaN;NaN;0,01;0,0
97,669;NaN;NaN;0,01;0,0
97,690;NaN;NaN;0,01;0,1
97,720;NaN;NaN;0,01;0,0
97,741;NaN;NaN;0,01;0,0
97,774;NaN;NaN;0,01;0,0
97,802;NaN;NaN;0,01;0,0
97,832;NaN;NaN;0,01;0,0
97,869;NaN;NaN;0,01;0,0
97,894;NaN;NaN;0,01;0,0
97,931;NaN;NaN;0,01;0,0
97,991;NaN;NaN;0,01;0,0
98,032;NaN;NaN;0,01;0,0
98,077;NaN;NaN;0,01;0,0
98,111;NaN;NaN;0,01;0,0
98,134;NaN;NaN;0,01;0,0
98,154;NaN;NaN;0,01;0,0
98,183;NaN;NaN;0,01;0,0
98,206;NaN;NaN;0,01;0,0
98,234;NaN;NaN;0,01;0,0
98,265;NaN;NaN;0,01;0,0
98,309;NaN;NaN;0,01;0,0
98,334;NaN;NaN;0,01;0,0
98,384;NaN;NaN;0,01;0,0
98,402;NaN;NaN;0,01;0,0
98,423;NaN;NaN;0,01;0,0
98,445;NaN;NaN;0,01;0,0
98,467;NaN;NaN;0,01;0,0
98,504;NaN;NaN;0,01;0,0
98,571;NaN;NaN;0,01;0,0
98,616;NaN;NaN;0,01;0,0
98,646;NaN;NaN;0,01;0,0
98,686;NaN;NaN;0,01;0,0
98,724;NaN;NaN;0,01;0,0
98,763;NaN;NaN;0,01;0,0
98,796;NaN;NaN;0,01;0,0
98,831;NaN;NaN;0,01;0,0
98,868;NaN;NaN;0,01;0,0
98,888;NaN;NaN;0,01;0,0
98,916;NaN;NaN;0,01;0,0
98,943;NaN;NaN;0,01;0,0
98,972;NaN;NaN;0,01;0,0
99,028;NaN;NaN;0,02;0,0
99,057;NaN;NaN;0,02;0,0
99,107;NaN;NaN;0,01;0,0
99,142;NaN;NaN;0,01;0,0
99,170;NaN;NaN;0,01;0,0
99,210;NaN;NaN;0,01;0,0
99,256;NaN;NaN;0,01;0,0
99,293;NaN;NaN;0,01;0,0
99,327;NaN;NaN;0,01;0,0
99,357;NaN;NaN;0,01;0,0
99,388;NaN;NaN;0,01;0,0
99,410;NaN;NaN;0,01;0,1
99,431;NaN;NaN;0,01;0,1
99,464;NaN;NaN;0,01;0,1
99,492;NaN;NaN;0,01;0,1
99,518;NaN;NaN;0,01;0,0
99,542;NaN;NaN;0,01;0,0
99,570;NaN;NaN;0,01;0,0
99,614;NaN;NaN;0,01;0,0
99,655;NaN;NaN;0,01;0,0
99,682;NaN;NaN;0,01;0,0
99,715;NaN;NaN;0,01;0,0
99,742;NaN;NaN;0,01;0,0
99,795;NaN;NaN;0,01;0,0
99,822;NaN;NaN;0,01;0,1
99,865;NaN;NaN;0,01;0,1
99,897;NaN;NaN;0,01;0,1
99,929;NaN;NaN;0,01;0,0
99,963;NaN;NaN;0,01;0,0
99,988;NaN;NaN;0,01;0,0
100,019;NaN;NaN;0,01;0,0
100,051;NaN;NaN;0,01;0,0
100,100;NaN;NaN;0,01;0,0
100,139;NaN;NaN;0,01;0,0
100,181;NaN;NaN;0,01;0,0
100,216;NaN;NaN;0,01;0,0
100,259;NaN;NaN;0,01;0,0
100,290;NaN;NaN;0,01;0,0
100,331;NaN;NaN;0,01;0,0
100,365;NaN;NaN;0,01;0,0
100,414;NaN;NaN;0,01;0,0
100,450;NaN;NaN;0,01;0,0
100,489;NaN;NaN;0,01;0,0
100,524;NaN;NaN;0,01;0,0
100,558;NaN;NaN;0,01;0,0
100,605;NaN;NaN;0,01;0,0
100,649;NaN;NaN;0,01;0,0
100,686;NaN;NaN;0,01;0,0
100,715;NaN;NaN;0,01;0,0
100,737;NaN;NaN;0,01;0,0
100,755;NaN;NaN;0,01;0,0
100,823;NaN;NaN;0,01;0,0
100,868;NaN;NaN;0,01;0,0
100,897;NaN;NaN;0,01;0,0
100,922;NaN;NaN;0,01;0,0
100,956;NaN;NaN;0,01;0,0
100,990;NaN;NaN;0,01;0,0
101,033;NaN;NaN;0,01;0,0
101,074;NaN;NaN;0,01;0,0
101,106;NaN;NaN;0,01;0,0
101,145;NaN;NaN;0,01;0,0
101,172;NaN;NaN;0,01;0,0
101,211;NaN;NaN;0,01;0,0
101,259;NaN;NaN;0,01;0,0
101,294;NaN;NaN;0,01;0,0
101,344;NaN;NaN;0,01;0,0
101,370;NaN;NaN;0,01;0,0
101,401;NaN;NaN;0,01;0,0
101,444;NaN;NaN;0,01;0,0
101,470;NaN;NaN;0,01;0,0
101,523;NaN;NaN;0,01;0,0
101,547;NaN;NaN;0,01;0,0
101,605;NaN;NaN;0,01;0,0
101,644;NaN;NaN;0,01;0,0
101,672;NaN;NaN;0,01;0,0
101,703;NaN;NaN;0,02;0,0
101,735;NaN;NaN;0,02;0,0
101,779;NaN;NaN;0,01;0,0
101,816;NaN;NaN;0,01;0,0
101,841;NaN;NaN;0,01;0,0
101,893;NaN;NaN;0,01;0,0
101,923;NaN;NaN;0,01;0,0
101,973;NaN;NaN;0,01;0,0
102,005;NaN;NaN;0,01;0,0
